Trajectory_ID,Time_Index,ID_LV,Pos_LV,Speed_LV,Acc_LV,ID_FAV,Pos_FAV,Speed_FAV,Acc_FAV,Space_Gap,Space_Headway,Time_Headway,Speed_Diff
5,0,1,120.1639379,33.60913943,0.492297262,3,0,24.68868396,1.613097242,115.6639379,120.1639379,4.867166599,8.920455469
5,0.1,1,122.4769459,33.65836915,0.502246463,3,2.476933882,24.84999368,1.317661017,115.5000121,120.0000121,4.828975556,8.808375471
5,0.2,1,124.9892744,33.7085938,0.472605991,3,4.968521555,24.98175978,1.100509707,115.5207528,120.0207528,4.804335398,8.726834015
5,0.3,1,127.6410673,33.7558544,0.403179441,3,7.472200082,25.09181075,1.030177029,115.6688672,120.1688672,4.789166807,8.664043644
5,0.4,1,130.3267561,33.79617234,0.307062457,3,9.986532043,25.19482846,1.076886808,115.840224,120.340224,4.776385925,8.601343885
5,0.5,1,132.9620517,33.82687859,0.237193246,3,12.51139932,25.30251714,1.121179346,115.9506524,120.4506524,4.760421729,8.52436145
5,0.6,1,135.5430953,33.85059791,0.206616874,3,15.04725693,25.41463507,1.133142377,115.9958383,120.4958383,4.74119884,8.43596284
5,0.7,1,138.0858259,33.8712596,0.215207054,3,17.59438615,25.52794931,1.121979468,115.9914397,120.4914397,4.719981157,8.34331029
5,0.8,1,140.607462,33.89278031,0.263063272,3,20.15279098,25.64014726,1.124705737,115.954671,120.454671,4.697893106,8.252633048
5,0.9,1,143.1313455,33.91908663,0.341385194,3,22.72242924,25.75261783,1.150640906,115.9089162,120.4089162,4.675599079,8.166468802
5,1,1,145.6826445,33.95322515,0.413690414,3,25.30344422,25.86768192,1.223584344,115.8792003,120.3792003,4.653652407,8.08554323
5,1.1,1,148.2608808,33.99459419,0.47041549,3,27.89633034,25.99004036,1.438409886,115.8645505,120.3645505,4.631179822,8.004553837
5,1.2,1,150.7606055,34.04163574,0.510817244,3,30.50252642,26.13388134,1.818828473,115.7580791,120.2580791,4.601615716,7.907754398
5,1.3,1,153.0513973,34.09271747,0.534246432,3,33.1250087,26.31576419,2.279078407,115.4263886,119.9263886,4.557207145,7.776953275
5,1.4,1,155.0643306,34.14614211,0.542628008,3,35.76798051,26.54367203,2.475878189,114.7963501,119.2963501,4.494342379,7.602470077
5,1.5,1,156.9705926,34.20040491,0.544582571,3,38.4347271,26.79125985,2.323004063,114.0358655,118.5358655,4.424422971,7.409145059
5,1.6,1,158.99871,34.25486317,0.542338776,3,41.12546811,27.02356026,1.910528031,113.3732419,117.8732419,4.36186945,7.23130291
5,1.7,1,161.305463,34.30909705,0.535590509,3,43.83737678,27.21461306,1.60007333,112.9680862,117.4680862,4.316360697,7.094483985
5,1.8,1,163.7722867,34.3626561,0.524621228,3,46.56683845,27.37462039,1.482258434,112.7054482,117.2054482,4.281536932,6.988035702
5,1.9,1,166.213842,34.41511822,0.511937956,3,49.31171178,27.52284624,1.518629776,112.4021302,116.9021302,4.247457882,6.892271982
5,2,1,168.5039684,34.46631201,0.498335442,3,52.07158955,27.67470922,1.554930819,111.9323789,116.4323789,4.207176233,6.7916028
5,2.1,1,170.7418808,34.51614556,0.483862185,3,54.84683513,27.8302023,1.55262234,111.3950457,115.8950457,4.164362316,6.685943262
5,2.2,1,173.0826657,34.56453178,0.467327706,3,57.63761847,27.98546453,1.523787168,110.9450472,115.4450472,4.12517888,6.579067247
5,2.3,1,175.6367205,34.61126455,0.444077402,3,60.44378386,28.13784325,1.51608745,110.6929367,115.1929367,4.093879394,6.4734213
5,2.4,1,178.3369661,34.65567229,0.412846298,3,63.26514862,28.28945199,1.540693788,110.5718175,115.0718175,4.067658062,6.366220296
5,2.5,1,181.0722269,34.69695692,0.373553478,3,66.10179729,28.44352137,1.60481058,110.4704296,114.9704296,4.042060338,6.253435547
5,2.6,1,183.7610686,34.73431227,0.326226147,3,68.95417348,28.60400243,1.737484315,110.3068951,114.8068951,4.013665408,6.130309837
5,2.7,1,186.4401231,34.76693488,0.277312196,3,71.82326114,28.77775086,1.945312724,110.1168619,114.6168619,3.982829044,5.98918402
5,2.8,1,189.1759155,34.7946661,0.252008701,3,74.71076279,28.97228213,2.181943872,109.9651527,114.4651527,3.95085041,5.822383967
5,2.9,1,192.0166586,34.81986697,0.256348923,3,77.61890073,29.19047652,2.267045039,109.8977579,114.3977579,3.919009607,5.62939045
5,3,1,194.9374959,34.84550186,0.290012162,3,80.5492836,29.41718102,2.155973977,109.8882123,114.3882123,3.888483136,5.428320838
5,3.1,1,197.8937752,34.87450308,0.347290123,3,83.50178158,29.63277842,1.899373052,109.8919937,114.3919937,3.860319543,5.241724657
5,3.2,1,200.8462153,34.90923209,0.405762859,3,86.47455628,29.82271573,1.698522903,109.871659,114.371659,3.835051779,5.086516364
5,3.3,1,203.7833847,34.94980838,0.459748724,3,89.46532047,29.99256802,1.603476624,109.8180642,114.3180642,3.811546385,4.957240359
5,3.4,1,206.7017351,34.99578325,0.508957658,3,92.47259466,30.15291568,1.573445698,109.7291404,114.2291404,3.788328188,4.842867569
5,3.5,1,209.6207251,35.04667902,0.545911765,3,95.49575345,30.31026025,1.446177445,109.6249717,114.1249717,3.765225727,4.736418765
5,3.6,1,212.648876,35.10127019,0.541629884,3,98.53401036,30.45487799,1.181153331,109.6148656,114.1148656,3.747014374,4.646392197
5,3.7,1,215.9181541,35.15543318,0.488892044,3,101.5854039,30.57299333,0.825974274,109.8327502,114.3327502,3.739664904,4.582439853
5,3.8,1,219.4616156,35.20432238,0.387593479,3,104.6468331,30.65559076,0.571278157,110.3147824,114.8147824,3.745312996,4.54873163
5,3.9,1,222.9188198,35.24308173,0.251967238,3,107.7152486,30.71271857,0.464777939,110.7035712,115.2035712,3.751005335,4.530363162
5,4,1,225.8320756,35.26827846,0.139354463,3,110.7888443,30.75919636,0.476159709,110.5432313,115.0432313,3.74012474,4.509082092
5,4.1,1,228.088447,35.2822139,0.064182315,3,113.8671448,30.80681234,0.483931865,109.7213022,114.2213022,3.707663777,4.475401567
5,4.2,1,230.950813,35.28863213,0.026511664,3,116.9502457,30.85520552,0.457560488,109.5005673,114.0005673,3.694694797,4.433426612
5,4.3,1,236.0257104,35.2912833,0.023338563,3,120.038054,30.90096157,0.404959579,111.4876563,115.9876563,3.75352903,4.39032173
5,4.4,1,243.6371521,35.29361716,0.042439372,3,123.130175,30.94145753,0.358223103,116.0069771,120.5069771,3.894676809,4.352159628
5,4.5,1,248.9798123,35.29786109,0.080494689,3,126.2261119,30.97727984,0.325737401,118.2537005,122.7537005,3.962701086,4.320581255
5,4.6,1,245.9660197,35.30591056,0.137420968,3,129.3254685,31.00985358,0.31048574,112.1405512,116.6405512,3.761402836,4.296056984
5,4.7,1,231.1341388,35.31965266,0.203250809,3,132.4280063,31.04090215,0.319245923,94.20613246,98.70613246,3.179873187,4.278750506
5,4.8,1,211.5247053,35.33997774,0.237000881,3,135.5336928,31.07282675,0.350311686,71.49101252,75.99101252,2.445577712,4.267150995
5,4.9,1,196.8018926,35.36367783,0.227931997,3,138.642727,31.10785791,0.407295235,53.65916566,58.15916566,1.869597252,4.255819915
5,5,1,193.9750032,35.38647103,0.17520763,3,141.7555493,31.14858744,0.514329026,47.71945394,52.21945394,1.676462987,4.237883591
5,5.1,1,199.4547972,35.40399179,0.078178066,3,144.8729796,31.20002034,0.677399572,50.08181754,54.58181754,1.749416088,4.203971451
5,5.2,1,207.0025399,35.4118096,-0.047031199,3,147.9963687,31.2677603,0.874194905,54.50617119,59.00617119,1.887124969,4.144049301
5,5.3,1,211.7299175,35.40710648,-0.135756693,3,151.1275157,31.35517979,1.022013374,56.10240181,60.60240181,1.932771626,4.05192669
5,5.4,1,214.1609619,35.39353081,-0.172185866,3,154.2681437,31.45738113,1.100844846,55.39281816,59.89281816,1.903935293,3.936149683
5,5.5,1,216.1710863,35.37631222,-0.157131605,3,157.4193861,31.56746561,1.12372597,54.25170023,58.75170023,1.8611472,3.808846612
5,5.6,1,219.2117282,35.36059906,-0.100570016,3,160.5817513,31.67983821,1.141437421,54.12997698,58.62997698,1.850703169,3.680760855
5,5.7,1,223.050908,35.35054206,-0.040397071,3,163.7554423,31.79398195,1.166523604,54.79546571,59.29546571,1.86499023,3.556560111
5,5.8,1,227.0337587,35.34650235,0.013972334,3,166.9406731,31.91063431,1.207458023,55.59308562,60.09308562,1.883168007,3.435868043
5,5.9,1,230.643743,35.34789959,0.062106427,3,170.1377738,32.03138011,1.298808805,56.0059692,60.5059692,1.88895917,3.316519475
5,6,1,233.9214482,35.35411023,0.103521875,3,173.3474059,32.16126099,1.449298084,56.07404239,60.57404239,1.883447369,3.192849237
5,6.1,1,237.0471223,35.36446242,0.134857312,3,176.5707784,32.3061908,1.637679504,55.97634389,60.47634389,1.871973835,3.058271616
5,6.2,1,240.1793508,35.37794815,0.143028485,3,179.8095859,32.46995875,1.778783155,55.86976484,60.36976484,1.859249816,2.907989397
5,6.3,1,243.3887826,35.392251,0.124705166,3,183.0654757,32.64783707,1.8513633,55.82330691,60.32330691,1.847696887,2.74441393
5,6.4,1,246.7238059,35.40472151,0.079385026,3,186.3395162,32.8329734,1.860853057,55.88428968,60.38428968,1.839135583,2.571748116
5,6.5,1,250.2071834,35.41266002,0.006330538,3,189.6321178,33.0190587,1.828670762,56.0750656,60.5750656,1.83454853,2.393601313
5,6.6,1,253.7597872,35.41329307,-0.088071761,3,192.9431671,33.20192578,1.759987534,56.31662017,60.81662017,1.831719659,2.211367291
5,6.7,1,257.2756289,35.40448589,-0.17588309,3,196.2721596,33.37792453,1.65183579,56.50346936,61.00346936,1.827659155,2.026561361
5,6.8,1,260.6749725,35.38689758,-0.2498117,3,199.6182112,33.54310811,1.492933056,56.55676126,61.05676126,1.820247577,1.843789473
5,6.9,1,263.9934218,35.36191641,-0.309689835,3,202.9799867,33.69240142,1.280510944,56.51343507,61.01343507,1.810896003,1.669514998
5,7,1,267.2954281,35.33094743,-0.355431418,3,206.3556294,33.82045251,1.040299739,56.43979873,60.93979873,1.801862311,1.51049492
5,7.1,1,270.630871,35.29540429,-0.386927719,3,209.7428761,33.92448248,0.875166897,56.38799488,60.88799488,1.794809837,1.370921804
5,7.2,1,273.9925658,35.25671152,-0.405452845,3,213.1397002,34.01199917,0.810639767,56.35286561,60.85286561,1.789158741,1.244712343
5,7.3,1,277.3601856,35.21616623,-0.416848178,3,216.5449533,34.09306315,0.821955783,56.31523231,60.81523231,1.78380077,1.123103081
5,7.4,1,280.7182528,35.17448141,-0.42281694,3,219.9583694,34.17525873,0.810587837,56.2598834,60.7598834,1.777890956,0.999222685
5,7.5,1,284.0618234,35.13219972,-0.423702569,3,223.3799482,34.25631751,0.752005282,56.1818752,60.6818752,1.771406841,0.875882207
5,7.6,1,287.387813,35.08982946,-0.419814272,3,226.80934,34.33151804,0.671135514,56.07847297,60.57847297,1.764514837,0.758311422
5,7.7,1,290.695749,35.04784804,-0.412990981,3,230.2458475,34.39863159,0.667339699,55.94990146,60.44990146,1.757334483,0.649216444
5,7.8,1,293.9980604,35.00654894,-0.409939504,3,233.6890474,34.46536556,0.765268439,55.80901307,60.30901307,1.749843998,0.541183376
5,7.9,1,297.3095864,34.96555499,-0.412234712,3,237.1394103,34.54189241,0.929197575,55.67017619,60.17017619,1.741947878,0.423662581
5,8,1,300.6411071,34.92433152,-0.419887647,3,240.5982455,34.63481216,1.016946608,55.54286163,60.04286163,1.733598593,0.289519353
5,8.1,1,303.9853608,34.88234275,-0.432862351,3,244.0668114,34.73650682,0.99303271,55.41854937,59.91854937,1.724944586,0.145835927
5,8.2,1,307.3295674,34.83905652,-0.446298877,3,247.5454273,34.8358101,0.891966122,55.28414014,59.78414014,1.716169079,0.003246421
5,8.3,1,310.6622809,34.79442663,-0.44171278,3,251.0334681,34.92500671,0.851738189,55.12881281,59.62881281,1.707338622,-0.130580079
5,8.4,1,313.9814894,34.75025535,-0.415024105,3,254.5302275,35.01018053,0.906873831,54.95126194,59.45126194,1.69811355,-0.259925176
5,8.5,1,317.2883847,34.70875294,-0.366948248,3,258.0357799,35.10086791,1.029918176,54.75260483,59.25260483,1.688066659,-0.392114969
5,8.6,1,320.5868829,34.67205812,-0.301673694,3,261.5510163,35.20385973,1.110757169,54.53586665,59.03586665,1.67697142,-0.531801612
5,8.7,1,323.8876451,34.64189075,-0.234005582,3,265.076956,35.31493544,1.121623486,54.31068903,58.81068903,1.665320587,-0.673044698
5,8.8,1,327.1990268,34.61849019,-0.167353867,3,268.6140577,35.42709779,1.078775014,54.08496914,58.58496914,1.653676784,-0.808607605
5,8.9,1,330.5240856,34.6017548,-0.101662602,3,272.1621614,35.53497529,1.047840663,53.86192424,58.36192424,1.642379761,-0.933220493
5,9,1,333.8505412,34.59158854,-0.037027573,3,275.7208981,35.63975936,1.045065996,53.62964308,58.12964308,1.631033546,-1.04817082
5,9.1,1,337.162514,34.58788578,0.022135132,3,279.2900994,35.74426596,1.063550715,53.37241467,57.87241467,1.619068489,-1.156380176
5,9.2,1,340.4516812,34.5900993,0.058499426,3,282.8698437,35.85062103,1.076655745,53.0818375,57.5818375,1.606160112,-1.260521735
5,9.3,1,343.7391235,34.59594924,0.067820886,3,286.4602891,35.95828661,1.077751283,52.77883437,57.27883437,1.592924463,-1.362337367
5,9.4,1,347.0532028,34.60273133,0.050158454,3,290.0615065,36.06606173,1.061848041,52.4916963,56.9916963,1.580202926,-1.463330406
5,9.5,1,350.4125468,34.60774717,0.005527123,3,293.6734219,36.17224654,1.009061186,52.23912485,56.73912485,1.568581724,-1.564499365
5,9.6,1,353.7969683,34.60829989,-0.059107246,3,297.2956919,36.27315266,0.914515759,52.00127644,56.50127644,1.557661033,-1.664852771
5,9.7,1,357.1760149,34.60238916,-0.115896948,3,300.9275797,36.36460423,0.796603009,51.74843515,56.24843515,1.546790797,-1.762215072
5,9.8,1,360.5266271,34.59079947,-0.158070795,3,304.5680232,36.44426453,0.728440618,51.45860399,55.95860399,1.53545708,-1.853465067
5,9.9,1,363.85942,34.57499239,-0.18585522,3,308.2160918,36.5171086,0.728148398,51.14332819,55.64332819,1.523760515,-1.942116209
5,10,1,367.1940604,34.55640687,-0.199425702,3,311.8714434,36.58992344,0.772463349,50.82261694,55.32261694,1.511963179,-2.033516571
5,10.1,1,370.5463251,34.53646429,-0.203641366,3,315.5342981,36.66716977,0.76886284,50.51202704,55.01202704,1.500307425,-2.130705476
5,10.2,1,373.9139382,34.51610016,-0.217562921,3,319.2048594,36.74405605,0.694250227,50.20907888,54.70907888,1.488923237,-2.227955896
5,10.3,1,377.2890926,34.49434387,-0.245838407,3,322.8827362,36.81348108,0.571980518,49.90635638,54.40635638,1.477892196,-2.319137211
5,10.4,1,380.6647117,34.46976003,-0.288402358,3,326.5669442,36.87067913,0.495534348,49.59776742,54.09776742,1.467230024,-2.400919104
5,10.5,1,384.0394371,34.44091979,-0.345249627,3,330.2564898,36.92023256,0.488129881,49.28294727,53.78294727,1.456733708,-2.479312774
5,10.6,1,387.4138967,34.40639483,-0.40952852,3,333.9509537,36.96904555,0.535151522,48.962943,53.462943,1.446154268,-2.562650725
5,10.7,1,390.7881467,34.36544197,-0.45374498,3,337.650534,37.0225607,0.57854018,48.63761262,53.13761262,1.435276534,-2.657118729
5,10.8,1,394.1578206,34.32006748,-0.471017486,3,341.3556828,37.08041472,0.603875043,48.30213782,52.80213782,1.423989948,-2.760347245
5,10.9,1,397.5172864,34.27296573,-0.461333593,3,345.0667437,37.14080223,0.617917155,47.95054274,52.45054274,1.412208127,-2.867836498
5,11,1,400.8635371,34.22683237,-0.424672151,3,348.7839135,37.20259394,0.647303642,47.57962367,52.07962367,1.39989227,-2.975761573
5,11.1,1,404.2046408,34.18436515,-0.371177941,3,352.5074094,37.26732431,0.698466904,47.19723144,51.69723144,1.387199978,-3.082959152
5,11.2,1,407.5512249,34.14724736,-0.341533807,3,356.2376341,37.337171,0.748901833,46.81359077,51.31359077,1.374329908,-3.189923637
5,11.3,1,410.9097651,34.11309398,-0.345927101,3,359.9750958,37.41206118,0.70955953,46.43466939,50.93466939,1.3614505,-3.298967201
5,11.4,1,414.2751734,34.07850127,-0.3843683,3,363.7198497,37.48301713,0.558338486,46.05532369,50.55532369,1.348752783,-3.404515864
5,11.5,1,417.6386554,34.04006444,-0.456846539,3,367.4709431,37.53885098,0.330697874,45.66771232,50.16771232,1.336421095,-3.498786543
5,11.6,1,420.9923006,33.99437979,-0.545602938,3,371.2264817,37.57192077,0.167506557,45.26581893,49.76581893,1.324548171,-3.577540984
5,11.7,1,424.335753,33.93981949,-0.579834386,3,374.9845113,37.58867142,0.10355544,44.85124177,49.35124177,1.312928601,-3.648851934
5,11.8,1,427.6723424,33.88183605,-0.542093391,3,378.7438962,37.59902697,0.121337881,44.4284462,48.9284462,1.301322139,-3.717190916
5,11.9,1,431.0057137,33.82762671,-0.432579825,3,382.5044056,37.61116076,0.152791122,44.00130815,48.50130815,1.289545634,-3.783534043
5,12,1,434.3365508,33.78436873,-0.251171992,3,386.2662856,37.62643987,0.181080972,43.5702652,48.0702652,1.277566131,-3.842071138
5,12.1,1,437.6647359,33.75925153,-0.022314733,3,390.029835,37.64454797,0.206330546,43.13490089,47.63490089,1.26538645,-3.885296434
5,12.2,1,440.9902978,33.75702006,0.154268826,3,393.7953215,37.66518102,0.228624978,42.69497631,47.19497631,1.253013394,-3.908160962
5,12.3,1,444.3138982,33.77244694,0.253166216,3,397.5629827,37.68804352,0.248020756,42.25091556,46.75091556,1.240470749,-3.915596578
5,12.4,1,447.636329,33.79776356,0.27343111,3,401.3330271,37.71284559,0.26455508,41.80330191,46.30330191,1.227785949,-3.915082031
5,12.5,1,450.9583399,33.82510667,0.213949544,3,405.1056345,37.7393011,0.278255216,41.35270542,45.85270542,1.214985548,-3.914194428
5,12.6,1,454.280633,33.84650163,0.073852535,3,408.8809559,37.76712662,0.289147828,40.89967715,45.39967715,1.202095081,-3.920624996
5,12.7,1,457.603861,33.85388688,-0.123621681,3,412.6591143,37.79604141,0.29087986,40.44474678,44.94474678,1.189138997,-3.942154525
5,12.8,1,460.9285772,33.84152471,-0.284029425,3,416.4401728,37.82512939,0.257856679,39.98840443,44.48840443,1.176160006,-3.983604679
5,12.9,1,464.2550323,33.81312177,-0.383302356,3,420.223975,37.85091506,0.183490728,39.53105723,44.03105723,1.163275899,-4.037793289
5,13,1,467.5830908,33.77479154,-0.421373267,3,424.009984,37.86926413,0.090775659,39.07310679,43.57310679,1.150619316,-4.094472598
5,13.1,1,470.9114164,33.73265421,-0.410524184,3,427.7973643,37.8783417,0.07242839,38.61405213,43.11405213,1.138224383,-4.14568749
5,13.2,1,474.2357429,33.69160179,-0.399005158,3,431.5855606,37.88558454,0.151740163,38.15018228,42.65018228,1.125762814,-4.193982748
5,13.3,1,477.5535285,33.65170127,-0.398915887,3,435.3748777,37.90075855,0.29474012,37.67865081,42.17865081,1.112870887,-4.24905728
5,13.4,1,480.865172,33.61180969,-0.410329452,3,439.1664273,37.93023257,0.365053434,37.19874472,41.69874472,1.099353784,-4.318422881
5,13.5,1,484.1778442,33.57077674,-0.422598531,3,442.9612758,37.96673791,0.328479958,36.71656842,41.21656842,1.08559678,-4.395961169
5,13.6,1,487.4989955,33.52851689,-0.392959815,3,446.759592,37.99958591,0.224573983,36.23940348,40.73940348,1.072101248,-4.471069018
5,13.7,1,490.8313407,33.48922091,-0.310720997,3,450.5606735,38.0220433,0.211441172,35.77066725,40.27066725,1.059140008,-4.532822398
5,13.8,1,494.170171,33.45814881,-0.175840535,3,454.363935,38.04318742,0.328423352,35.30623603,39.80623603,1.046343346,-4.585038615
5,13.9,1,497.5101213,33.44056475,-0.013241631,3,458.1698959,38.07602976,0.522085894,34.84022541,39.34022541,1.033201877,-4.635465004
5,14,1,500.8487273,33.43924059,0.077059058,3,461.9801093,38.12823835,0.577569813,34.36861807,38.86861807,1.019418147,-4.688997756
5,14.1,1,504.1907092,33.4469465,0.069983627,3,465.795821,38.18599533,0.439847148,33.89488827,38.39488827,1.005470407,-4.739048832
5,14.2,1,507.5410014,33.45394486,-0.034611399,3,469.6166197,38.22998004,0.172988412,33.42438172,37.92438172,0.992006318,-4.776035184
5,14.3,1,510.9018275,33.45048372,-0.204850841,3,473.4404827,38.24727888,0.038705918,32.96134482,37.46134482,0.979451242,-4.796795165
5,14.4,1,514.2708818,33.42999863,-0.312721003,3,477.2654041,38.25114948,0.102784388,32.50547767,37.00547767,0.967434395,-4.821150841
5,14.5,1,517.6458023,33.39872653,-0.326144406,3,481.091033,38.26142791,0.302682325,32.0547693,36.5547693,0.955394801,-4.86270138
5,14.6,1,521.0260387,33.36611209,-0.245069282,3,484.9186892,38.29169615,0.388745461,31.60734956,36.10734956,0.942955084,-4.925584053
5,14.7,1,524.4123128,33.34160517,-0.089409982,3,488.7498025,38.33057069,0.298595711,31.16251034,35.66251034,0.930393409,-4.988965527
5,14.8,1,527.8038443,33.33266417,0.06095435,3,492.5843525,38.36043026,0.079013157,30.71949177,35.21949177,0.918120353,-5.027766097
5,14.9,1,531.1997192,33.3387596,0.185972214,3,496.4207906,38.36833158,-0.083179971,30.27892853,34.77892853,0.906448811,-5.029571977
5,15,1,534.6094169,33.35735682,0.285542727,3,500.2572079,38.36001358,-0.141242329,29.85220902,34.35220902,0.895521294,-5.002656759
5,15.1,1,538.0460038,33.3859111,0.359592738,3,504.092503,38.34588935,-0.149829858,29.45350079,33.95350079,0.88545347,-4.959978253
5,15.2,1,541.5163879,33.42187037,0.402686514,3,507.9263428,38.33090636,-0.330827052,29.09004502,33.59004502,0.876317526,-4.909035994
5,15.3,1,544.9993234,33.46213902,0.393119775,3,511.7577793,38.29782366,-0.648182554,28.74154403,33.24154403,0.867974753,-4.835684637
5,15.4,1,548.4740118,33.501451,0.325400449,3,515.5843208,38.2330054,-0.726418178,28.38969104,32.88969104,0.860243412,-4.731554404
5,15.5,1,551.9531263,33.53399104,0.199450743,3,519.4039892,38.16036359,-0.535415379,28.04913709,32.54913709,0.852956681,-4.626372542
5,15.6,1,555.4510575,33.55393612,0.02605383,3,523.2173485,38.10682205,-0.332710048,27.73370902,32.23370902,0.845877648,-4.552885929
5,15.7,1,558.9468198,33.5565415,-0.151651121,3,527.0263672,38.07355104,-0.175099575,27.42045267,31.92045267,0.838389165,-4.517009541
5,15.8,1,562.413055,33.54137639,-0.322890152,3,530.8328468,38.05604108,-0.027309036,27.0802082,31.5802082,0.8298343,-4.514664696
5,15.9,1,565.8459742,33.50908737,-0.487642885,3,534.6383143,38.05331018,0.120133693,26.70765982,31.20765982,0.820103683,-4.544222808
5,16,1,569.2479519,33.46032309,-0.635483483,3,538.444246,38.06532355,0.269091002,26.30370591,30.80370591,0.809232736,-4.605000465
5,16.1,1,572.6217657,33.39677474,-0.725369082,3,542.2521238,38.09223265,0.425756309,25.86964189,30.36964189,0.797265998,-4.695457914
5,16.2,1,575.971686,33.32423783,-0.747449514,3,546.0634759,38.13480828,0.591572168,25.40821009,29.90821009,0.784275874,-4.810570453
5,16.3,1,579.3024213,33.24949288,-0.702326784,3,549.8799146,38.1939655,0.766520306,24.92250672,29.42250672,0.770344381,-4.944472621
5,16.4,1,582.6187658,33.1792602,-0.590411482,3,553.7031437,38.27061753,0.900107349,24.4156221,28.9156221,0.755556716,-5.09135733
5,16.5,1,585.9304355,33.12021905,-0.427389079,3,557.534706,38.36062826,0.789710292,23.89572945,28.39572945,0.740231084,-5.240409213
5,16.6,1,589.2650488,33.07748014,-0.276137682,3,561.3747174,38.43959929,0.384342584,23.3903314,27.8903314,0.725562491,-5.36211915
5,16.7,1,592.6484802,33.04986637,-0.152560365,3,565.220599,38.47803355,-0.228336244,22.92788115,27.42788115,0.712819201,-5.428167177
5,16.8,1,596.0950843,33.03461034,-0.057303239,3,569.0672607,38.45519993,-0.696271411,22.52782361,27.02782361,0.702839243,-5.420589589
5,16.9,1,599.5863108,33.02888001,0.008833157,3,572.9092993,38.38557279,-0.931175251,22.17701142,26.67701142,0.694974947,-5.356692772
5,17,1,603.0970296,33.02976333,0.045581417,3,576.7432007,38.29245526,-0.995634003,21.85382889,26.35382889,0.688225101,-5.262691931
5,17.1,1,606.6119589,33.03432147,0.053120693,3,580.5674681,38.19289186,-1.141637914,21.54449081,26.04449081,0.681919843,-5.158570389
5,17.2,1,610.1489331,33.03963354,0.031621337,3,584.3810491,38.07872807,-1.432777245,21.26788405,25.76788405,0.67670023,-5.039094528
5,17.3,1,613.7328826,33.04279567,-0.00904909,3,588.181758,37.93545034,-1.80487302,21.05112456,25.55112456,0.673542144,-4.89265467
6,0,4,37.44551806,25.97117575,-0.025803976,0,0,25.72692321,0.192832848,32.94551806,37.44551806,1.455499274,0.24425254
6,0.1,4,40.03840065,25.96859536,-0.052719201,0,2.573656486,25.7462065,0.108859819,32.96474417,37.46474417,1.455155895,0.222388858
6,0.2,4,42.62690847,25.96332344,-0.070269658,0,5.148821434,25.75709248,-0.114345428,32.97808703,37.47808703,1.455058915,0.206230956
6,0.3,4,45.2168947,25.95629647,-0.078483626,0,7.723958955,25.74565794,-0.205042152,32.99293574,37.49293574,1.456281903,0.210638533
6,0.4,4,47.80757899,25.94844811,-0.077393272,0,10.29749954,25.72515372,-0.133982794,33.01007945,37.51007945,1.45810905,0.223294385
6,0.5,4,50.39791785,25.94070878,-0.068122491,0,12.869345,25.71175544,-0.064003387,33.02857285,37.52857285,1.459588122,0.228953338
6,0.6,4,52.98754152,25.93389653,-0.055050125,0,15.44020052,25.7053551,-0.014379986,33.047341,37.547341,1.460681669,0.228541427
6,0.7,4,55.57622596,25.92839152,-0.03925752,0,18.01066413,25.7039171,0.132227244,33.06556183,37.56556183,1.46147226,0.224474413
6,0.8,4,58.16598786,25.92446577,-0.020732487,0,20.58171698,25.71713983,0.321768242,33.08427088,37.58427088,1.461448323,0.207325937
6,0.9,4,60.75978314,25.92239252,0.000536826,0,23.1550398,25.74931665,0.21255323,33.10474333,37.60474333,1.460417138,0.173075864
6,1,4,63.35834476,25.9224462,0.021566576,0,25.73103424,25.77057198,-0.152457221,33.12731052,37.62731052,1.460088296,0.151874224
6,1.1,4,65.95907562,25.92460286,0.030361592,0,28.30732915,25.75532625,-0.238892756,33.15174647,37.65174647,1.46190136,0.169276603
6,1.2,4,68.55820022,25.92763902,0.023877182,0,30.88166731,25.73143698,-0.03457488,33.17653291,37.67653291,1.464221875,0.196202038
6,1.3,4,71.15503669,25.93002674,0.002083093,0,33.45463813,25.72797949,-0.031448753,33.20039856,37.70039856,1.465346261,0.202047244
6,1.4,4,73.75166623,25.93023504,-0.035006183,0,36.02727884,25.72483462,-0.256296572,33.22438739,37.72438739,1.466457917,0.205400429
6,1.5,4,76.34811606,25.92673443,-0.081224896,0,38.59848082,25.69920496,-0.313669115,33.24963525,37.74963525,1.468902844,0.227529468
6,1.6,4,78.94227919,25.91861194,-0.112148916,0,41.16683297,25.66783805,-0.163676851,33.27544622,37.77544622,1.471703466,0.25077389
6,1.7,4,81.53414766,25.90739704,-0.121763288,0,43.73279839,25.65147036,-0.046088226,33.30134927,37.80134927,1.473652338,0.255926683
6,1.8,4,84.12583055,25.89522072,-0.110208305,0,46.29771498,25.64686154,-0.020692803,33.32811557,37.82811557,1.474960806,0.248359177
6,1.9,4,86.71910276,25.88419989,-0.077583798,0,48.86229767,25.64479226,-0.033965994,33.35680509,37.85680509,1.476198548,0.239407627
6,2,4,89.31435118,25.87644151,-0.030442366,0,51.42660707,25.64139566,0.12639072,33.38774411,37.88774411,1.477600698,0.235045846
6,2.1,4,91.90955246,25.87339727,0.005020509,0,53.99137859,25.65403473,0.390250009,33.41817387,37.91817387,1.478058881,0.219362538
6,2.2,4,94.50368993,25.87389932,0.02233672,0,56.55873331,25.69305973,0.26963032,33.44495662,37.94495662,1.47685628,0.180839588
6,2.3,4,97.09769841,25.87613299,0.021537329,0,59.12938744,25.72002276,-0.17961111,33.46831097,37.96831097,1.476216072,0.156110228
6,2.4,4,99.69000564,25.87828672,0.002580757,0,61.70049166,25.70206165,-0.250238764,33.48951399,37.98951399,1.478072635,0.176225072
6,2.5,4,102.2799687,25.8785448,-0.029587277,0,64.26944663,25.67703778,0.071873529,33.51052212,38.01052212,1.480331277,0.201507024
6,2.6,4,104.8701787,25.87558607,-0.054963939,0,66.83750977,25.68422513,0.141359658,33.53266888,38.03266888,1.480779299,0.191360943
6,2.7,4,107.4608422,25.87008968,-0.068741357,0,69.40663909,25.6983611,-0.079411509,33.55420316,38.05420316,1.480802726,0.171728583
6,2.8,4,110.0486423,25.86321554,-0.071140005,0,71.97607814,25.69041994,-0.099533407,33.57256414,38.07256414,1.481975157,0.172795599
6,2.9,4,112.6296347,25.85610154,-0.062285644,0,74.54462246,25.6804666,0.101163325,33.58501227,38.08501227,1.483034279,0.175634939
6,3,4,115.2027476,25.84987298,-0.044549679,0,77.11317494,25.69058294,0.116142653,33.58957269,38.08957269,1.482627809,0.159290042
6,3.1,4,117.7709684,25.84541801,-0.027395232,0,79.68281395,25.7021972,-0.078311164,33.58815447,38.08815447,1.481902663,0.143220809
6,3.2,4,120.3381166,25.84267849,-0.013124395,0,82.25264211,25.69436609,-0.172223775,33.5854745,38.0854745,1.482250014,0.148312402
6,3.3,4,122.9053501,25.84136605,-0.001788847,0,84.8212176,25.67714371,-0.126541986,33.58413246,38.08413246,1.483191935,0.16422234
6,3.4,4,125.474716,25.84118716,0.006678993,0,87.38829926,25.66448951,-0.093105975,33.58641674,38.08641674,1.484012247,0.176697654
6,3.5,4,128.0497021,25.84185506,0.012928364,0,89.95428268,25.65517891,-0.071570138,33.59541939,38.09541939,1.484901724,0.186676151
6,3.6,4,130.6303398,25.8431479,0.017145725,0,92.51944273,25.6480219,0.089506047,33.6108971,38.1108971,1.485919548,0.195126001
6,3.7,4,133.2132821,25.84486247,0.01933267,0,95.08469245,25.6569725,0.334395215,33.62858967,38.12858967,1.486090756,0.187889969
6,3.8,4,135.796783,25.84679574,0.01947558,0,97.65206167,25.69041202,0.289666036,33.64472137,38.14472137,1.484784336,0.156383714
6,3.9,4,138.3832983,25.8487433,0.017245074,0,100.2225512,25.71937863,-0.042327872,33.66074706,38.16074706,1.483735187,0.129364669
6,4,4,140.9725792,25.8504678,0.01141854,0,102.7942774,25.71514584,-0.277350331,33.67830177,38.17830177,1.484662075,0.135321963
6,4.1,4,143.558907,25.85160966,0.001739804,0,105.3644053,25.68741081,-0.300354852,33.69450176,38.19450176,1.486895742,0.16419885
6,4.2,4,146.1373722,25.85178364,-0.01173065,0,107.9316446,25.65737532,-0.042965402,33.70572765,38.20572765,1.489073889,0.194408316
6,4.3,4,148.7071658,25.85061057,-0.028158265,0,110.4971673,25.65307878,0.342378183,33.70999851,38.20999851,1.489489774,0.197531791
6,4.4,4,151.2715313,25.84779475,-0.044474805,0,113.064187,25.6873166,0.196157525,33.70734421,38.20734421,1.487401148,0.160478146
6,4.5,4,153.8380812,25.84334727,-0.060048429,0,115.6338995,25.70693235,-0.408915642,33.7041817,38.2041817,1.486143161,0.136414913
6,4.6,4,156.4092564,25.83734242,-0.075032129,0,118.2025481,25.66604079,-0.531665066,33.70670822,38.20670822,1.488609347,0.171301634
6,4.7,4,158.9803388,25.82983921,-0.089559759,0,120.7664939,25.61287428,-0.088187277,33.71384493,38.21384493,1.491977999,0.216964928
6,4.8,4,161.5506034,25.82088323,-0.101483739,0,123.3273404,25.60405555,0.329061221,33.72326303,38.22326303,1.492859713,0.21682768
6,4.9,4,164.1237107,25.81073486,-0.101830947,0,125.8893913,25.63696168,0.489458756,33.73431946,38.23431946,1.491374834,0.173773184
6,5,4,166.701536,25.80055177,-0.088263559,0,128.4555347,25.68590755,0.059118071,33.74600126,38.24600126,1.488987733,0.114644214
6,5.1,4,169.2860692,25.79172541,-0.060691983,0,131.0244211,25.69181936,-0.728039702,33.76164815,38.26164815,1.489254132,0.099906051
6,5.2,4,171.8743456,25.78565621,-0.019042542,0,133.5899628,25.61901539,-0.591714147,33.78438283,38.28438283,1.4943737,0.166640822
6,5.3,4,174.4603909,25.78375196,0.029365158,0,136.1489058,25.55984397,0.410716581,33.81148515,38.31148515,1.498893545,0.223907983
6,5.4,4,177.0457971,25.78668847,0.054989919,0,138.7069437,25.60091563,0.767556406,33.83885335,38.33885335,1.497557896,0.185772841
6,5.5,4,179.6336491,25.79218747,0.050302677,0,141.2708731,25.67767127,0.286601994,33.86277599,38.36277599,1.49401305,0.114516192
6,5.6,4,182.2210609,25.79721773,0.015169434,0,143.8400732,25.70633147,-0.284909873,33.88098766,38.38098766,1.493055814,0.09088626
6,5.7,4,184.80585,25.79873468,-0.050446339,0,146.4092818,25.67784049,-0.666090016,33.89656813,38.39656813,1.495319209,0.120894191
6,5.8,4,187.3872551,25.79369004,-0.133545429,0,148.9737354,25.61123148,-0.483067489,33.9135197,38.4135197,1.499870076,0.182458559
6,5.9,4,189.9666626,25.7803355,-0.18246685,0,151.5324432,25.56292473,0.109779858,33.93421936,38.43421936,1.503514162,0.217410765
6,6,4,192.5492637,25.76208881,-0.184451788,0,154.0892846,25.57390272,0.121793358,33.95997905,38.45997905,1.50387602,0.188186094
6,6.1,4,195.1372666,25.74364364,-0.139722425,0,156.6472838,25.58608206,-0.403146277,33.98998271,38.48998271,1.50433281,0.157561579
6,6.2,4,197.7260462,25.72967139,-0.061383491,0,159.2038763,25.54576743,-0.296664138,34.02216984,38.52216984,1.507966826,0.183903964
6,6.3,4,200.3085579,25.72353304,-0.001575881,0,161.7569697,25.51610101,0.451060715,34.0515882,38.5515882,1.510873004,0.207432029
6,6.4,4,202.8851177,25.72337546,0.026613105,0,164.3108351,25.56120709,0.721455233,34.07428253,38.57428253,1.509094715,0.16216837
6,6.5,4,205.463901,25.72603677,0.022942306,0,166.8705631,25.63335261,0.366060025,34.09333791,38.59333791,1.505590724,0.092684157
6,6.6,4,208.048682,25.728331,-0.012877157,0,169.4357287,25.66995861,-0.108612393,34.11295331,38.61295331,1.504207852,0.058372385
6,6.7,4,210.6368534,25.72704328,-0.071290036,0,172.0021815,25.65909737,-0.481321369,34.13467192,38.63467192,1.505690998,0.067945908
6,6.8,4,213.2242926,25.71991428,-0.113396247,0,174.5656846,25.61096524,-0.334162526,34.15860799,38.65860799,1.50945533,0.108949042
6,6.9,4,215.8069716,25.70857465,-0.129362285,0,177.1251103,25.57754898,0.208972912,34.18186128,38.68186128,1.512336514,0.13102567
6,7,4,218.3860415,25.69563842,-0.119198389,0,179.6839101,25.59844627,0.233207409,34.2021314,38.7021314,1.511893768,0.09719215
6,7.1,4,220.9674307,25.68371859,-0.082993291,0,182.2449208,25.62176702,-0.249256572,34.22250994,38.72250994,1.511313014,0.06195157
6,7.2,4,223.5518812,25.67541926,-0.026996043,0,184.8058512,25.59684136,-0.246494695,34.24603001,38.74603001,1.513703565,0.078577898
6,7.3,4,226.134181,25.67271965,0.024118347,0,187.3643028,25.57219189,0.264768209,34.26987818,38.76987818,1.516095232,0.100527763
6,7.4,4,228.7129978,25.67513149,0.064244876,0,189.9228459,25.59866871,0.373871102,34.29015194,38.79015194,1.515319112,0.076462777
6,7.5,4,231.2920051,25.68155597,0.093452553,0,192.4845821,25.63605582,0.017185064,34.30742296,38.80742296,1.513782901,0.045500155
6,7.6,4,233.870714,25.69090123,0.113447458,0,195.0482736,25.63777433,-0.148017238,34.32244035,38.82244035,1.514267185,0.053126903
6,7.7,4,236.443772,25.70224598,0.130714192,0,197.611311,25.6229726,-0.03622969,34.33246103,38.83246103,1.515533019,0.079273373
6,7.8,4,239.0103213,25.71531739,0.146805664,0,200.1734271,25.61934963,0.037869035,34.3368942,38.8368942,1.515920379,0.095967761
6,7.9,4,241.5761545,25.72999796,0.161630948,0,202.7355514,25.62313654,0.042932674,34.34060316,38.84060316,1.515841088,0.106861424
6,8,4,244.1461366,25.74616106,0.175127699,0,205.2980797,25.6274298,0.162372306,34.3480569,38.8480569,1.515877995,0.118731252
6,8.1,4,246.7188125,25.76367383,0.185010002,0,207.8616345,25.64366704,0.336682667,34.357178,38.857178,1.515273847,0.120006791
6,8.2,4,249.2927799,25.78217483,0.182010896,0,210.4276846,25.6773353,0.178991785,34.36509523,38.86509523,1.513595347,0.104839524
6,8.3,4,251.868643,25.80037592,0.163507951,0,212.9963131,25.69523448,-0.259168336,34.37232985,38.87232985,1.512822538,0.105141435
6,8.4,4,254.4454288,25.81672671,0.129142992,0,215.5645407,25.66931765,-0.39635226,34.38088808,38.88088808,1.514683351,0.147409064
6,8.5,4,257.0248245,25.82964101,0.078769049,0,218.1294907,25.62968242,-0.16190034,34.39533378,38.89533378,1.517589377,0.199958589
6,8.6,4,259.609552,25.83751791,0.019848078,0,220.6916495,25.61349239,0.145766198,34.41790253,38.91790253,1.519429758,0.224025528
6,8.7,4,262.1928596,25.83950272,-0.0184112,0,223.2537276,25.62806901,0.367237004,34.43913208,38.93913208,1.519393914,0.211433716
6,8.8,4,264.7697757,25.8376616,-0.028843527,0,225.8183706,25.66479271,0.157308079,34.45140505,38.95140505,1.517698019,0.172868896
6,8.9,4,267.3486255,25.83477725,-0.01191994,0,228.3856365,25.68052351,-0.344570804,34.46298904,38.96298904,1.517219422,0.154253735
6,9,4,269.9344033,25.83358526,0.031772542,0,230.951966,25.64606643,-0.213141429,34.48243731,38.98243731,1.520016234,0.187518821
6,9.1,4,272.519186,25.83676251,0.095538996,0,233.5155069,25.62475229,0.479041818,34.50367915,39.00367915,1.52210951,0.212010219
6,9.2,4,275.1006462,25.84631641,0.154158209,0,236.0803773,25.67265647,0.508272916,34.52026887,39.02026887,1.519915515,0.173659936
6,9.3,4,277.6891925,25.86173223,0.2015326,0,238.6501843,25.72348376,-0.154537897,34.53900817,39.03900817,1.517640788,0.138248466
6,9.4,4,280.2889765,25.88188549,0.237677429,0,241.22176,25.70802998,-0.403063717,34.5672165,39.0672165,1.51965034,0.173855515
6,9.5,4,282.891439,25.90565323,0.262487602,0,243.7905477,25.6677236,-0.114589691,34.60089129,39.10089129,1.523348618,0.23792963
6,9.6,4,285.4918554,25.93190199,0.277645783,0,246.3567471,25.65626463,0.099586366,34.63510829,39.13510829,1.525362669,0.275637359
6,9.7,4,288.0954184,25.95966657,0.290242171,0,248.9228715,25.66622327,0.129821878,34.67254694,39.17254694,1.526229493,0.293443301
6,9.8,4,290.705985,25.98869079,0.302079417,0,251.4901429,25.67920546,0.149686813,34.71584202,39.21584202,1.527143902,0.30948533
6,9.9,4,293.321662,26.01889873,0.313148056,0,254.0588119,25.69417414,0.202941803,34.76285006,39.26285006,1.528083753,0.32472459
6,10,4,295.939525,26.05021354,0.32346501,0,256.6292441,25.71446832,0.254016841,34.81028094,39.31028094,1.528722292,0.335745216
6,10.1,4,298.5577048,26.08256004,0.333156902,0,259.201961,25.73987,0.160020638,34.85574387,39.35574387,1.5289799,0.342690033
6,10.2,4,301.1772175,26.11587573,0.34210436,0,261.7767481,25.75587207,-0.040878946,34.90046939,39.40046939,1.529766466,0.360003659
6,10.3,4,303.7984717,26.15008616,0.348855236,0,264.3521309,25.75178417,-0.05578531,34.94634084,39.44634084,1.531790596,0.39830199
6,10.4,4,306.421253,26.18497169,0.352819275,0,266.9270304,25.74620564,0.130448293,34.99422267,39.49422267,1.533982258,0.438766044
6,10.5,4,309.0465623,26.22025361,0.353606198,0,269.5023032,25.75925047,0.292345166,35.04425913,39.54425913,1.535147894,0.461003142
6,10.6,4,311.6744143,26.25561423,0.350753255,0,272.07969,25.78848499,0.324807648,35.09472434,39.59472434,1.535364499,0.467129246
6,10.7,4,314.3050726,26.29068956,0.343851222,0,274.6601625,25.82096575,0.029843315,35.14491008,39.64491008,1.535376734,0.469723806
6,10.8,4,316.9424846,26.32507468,0.332912511,0,277.2424083,25.82395008,-0.43931043,35.20007631,39.70007631,1.537335542,0.501124597
6,10.9,4,319.587256,26.35836593,0.31901009,0,279.8226067,25.78001904,-0.255912866,35.26464924,39.76464924,1.542460041,0.578346891
6,11,4,322.2330506,26.39026694,0.302657358,0,282.3993291,25.75442776,0.50449264,35.33372149,39.83372149,1.546674687,0.635839187
6,11.1,4,324.8787942,26.42053268,0.284003955,0,284.9772943,25.80487702,0.707278049,35.40149988,39.90149988,1.546277467,0.615655659
6,11.2,4,327.5293088,26.44893307,0.263098926,0,287.5613184,25.87560482,0.241451133,35.4679904,39.9679904,1.544620529,0.573328249
6,11.3,4,330.1851116,26.47524297,0.239948533,0,290.1500861,25.89974994,-0.20151158,35.5350255,40.0350255,1.545768805,0.575493029
6,11.4,4,332.84499,26.49923782,0.217677114,0,292.7390536,25.87959878,-0.356482671,35.60593646,40.10593646,1.549712451,0.61963904
6,11.5,4,335.5077139,26.52100553,0.208707675,0,295.325231,25.84395051,0.146094828,35.68248283,40.18248283,1.55481194,0.677055018
6,11.6,4,338.1689799,26.5418763,0.216043816,0,297.9103566,25.85856,1.049048694,35.75862334,40.25862334,1.556878007,0.683316303
6,11.7,4,340.8304303,26.56348068,0.239545512,0,300.5014578,25.96346486,0.95376572,35.82897248,40.32897248,1.553297015,0.600015815
6,11.8,4,343.5011842,26.58743523,0.279078652,0,303.1025731,26.05884144,-0.070838406,35.89861107,40.39861107,1.550284235,0.528593794
6,11.9,4,346.1816242,26.6153431,0.334549632,0,305.7081031,26.0517576,-0.352681711,35.97352112,40.47352112,1.553581211,0.5635855
6,12,4,348.8642958,26.64879806,0.402163963,0,308.3115154,26.01648942,0.234474606,36.05278032,40.55278032,1.558733758,0.632308635
6,12.1,4,351.5488478,26.68901446,0.466905001,0,310.9143368,26.03993689,0.536337598,36.13451102,40.63451102,1.560468875,0.64907757
6,12.2,4,354.2409603,26.73570496,0.525098659,0,313.5210121,26.09357065,0.375063689,36.21994822,40.71994822,1.560535688,0.642134311
6,12.3,4,356.9428176,26.78821482,0.57678264,0,316.1322445,26.13107701,0.188137505,36.31057313,40.81057313,1.561763914,0.657137808
6,12.4,4,359.6520014,26.84589309,0.621982444,0,318.7462929,26.14989076,0.106317058,36.40570846,40.90570846,1.564278368,0.696002321
6,12.5,4,362.3662149,26.90809133,0.660920782,0,321.3618136,26.16052247,0.216217506,36.50440131,41.00440131,1.567415229,0.74756886
6,12.6,4,365.0858456,26.97418341,0.694279962,0,323.9789469,26.18214422,0.458923496,36.60689866,41.10689866,1.570035606,0.792039187
6,12.7,4,367.8130554,27.0436114,0.722222253,0,326.5994559,26.22803657,0.516213612,36.71359945,41.21359945,1.571356641,0.815574834
6,12.8,4,370.5472028,27.11583363,0.744731875,0,329.2248407,26.27965793,0.370137762,36.82236209,41.32236209,1.572408674,0.836175698
6,12.9,4,373.2861284,27.19030682,0.761784354,0,331.8546571,26.31667171,0.266718536,36.93147121,41.43147121,1.574343126,0.873635109
6,13,4,376.0312026,27.26648525,0.772590142,0,334.4876579,26.34334356,0.247938527,37.04354466,41.54354466,1.577003487,0.923141691
6,13.1,4,378.7847972,27.34374427,0.774044566,0,337.123232,26.36813741,0.235932604,37.1615652,41.6615652,1.579996514,0.975606852
6,13.2,4,381.5468466,27.42114872,0.765291501,0,339.7612254,26.39173067,0.244687535,37.28562124,41.78562124,1.583284619,1.029418049
6,13.3,4,384.3159571,27.49767787,0.746201862,0,342.4016219,26.41619943,0.404171737,37.41433519,41.91433519,1.586690595,1.081478445
6,13.4,4,387.0886885,27.57229806,0.716638493,0,345.0452627,26.4566166,0.671499703,37.54342587,42.04342587,1.589145978,1.115681458
6,13.5,4,389.8633961,27.64396191,0.677959074,0,347.6942818,26.52376657,0.754768198,37.66911431,42.16911431,1.589861462,1.120195337
6,13.6,4,392.6431237,27.71175782,0.636013947,0,350.3504323,26.59924339,0.635583389,37.79269136,42.29269136,1.589996029,1.112514424
6,13.7,4,395.4302826,27.77535921,0.59232904,0,353.0135346,26.66280173,0.527299071,37.916748,42.416748,1.590858621,1.11255748
6,13.8,4,398.2237733,27.83459212,0.546985387,0,355.6824512,26.71553164,0.48238463,38.0413221,42.5413221,1.592381641,1.119060477
6,13.9,4,401.0221798,27.88929065,0.500083077,0,358.3564163,26.7637701,0.472523724,38.16576349,42.66576349,1.594161186,1.125520553
6,14,4,403.8252355,27.93929896,0.45174323,0,361.035156,26.81102247,0.387358498,38.29007955,42.79007955,1.595988351,1.128276488
6,14.1,4,406.6351175,27.98447328,0.406713577,0,363.718195,26.84975832,0.289719502,38.41692245,42.91692245,1.598410009,1.134714961
6,14.2,4,409.4527549,28.02514464,0.383409485,0,366.4046194,26.87873027,0.537176294,38.54813548,43.04813548,1.601568789,1.146414369
6,14.3,4,412.2747776,28.06348559,0.386114868,0,369.0951783,26.9324479,1.007384386,38.67959927,43.17959927,1.60325565,1.131037688
6,14.4,4,415.1007113,28.10209708,0.414466175,0,371.7934601,27.03318634,0.858560831,38.80725121,43.30725121,1.602003207,1.068910736
6,14.5,4,417.9344373,28.1435437,0.468243413,0,374.5010715,27.11904242,0.183171428,38.93336583,43.43336583,1.601581839,1.024501271
6,14.6,4,420.7743311,28.19036804,0.537367485,0,377.2138916,27.13735957,0.19117874,39.06043947,43.56043947,1.605183414,1.053008469
6,14.7,4,423.6142051,28.24410478,0.581511602,0,379.9285834,27.15647744,0.89052701,39.18562171,43.68562171,1.608663046,1.087627343
6,14.8,4,426.4545824,28.30225595,0.59053781,0,382.6486838,27.24553014,1.10527652,39.30589862,43.80589862,1.607819646,1.056725803
6,14.9,4,429.2990045,28.36130973,0.564176232,0,385.3787632,27.35605779,0.743814641,39.42024126,43.92024126,1.605503307,1.005251932
6,15,4,432.1467003,28.41772735,0.50212127,0,388.1180881,27.43043926,0.614264664,39.52861227,44.02861227,1.605100518,0.987288091
6,15.1,4,434.9973342,28.46793948,0.416035175,0,390.8642033,27.49186572,0.788070348,39.63313087,44.13313087,1.605315962,0.976073751
6,15.2,4,437.8528636,28.50954299,0.353148104,0,393.6173302,27.57067276,0.739145049,39.73553338,44.23553338,1.604441566,0.938870234
6,15.3,4,440.7118895,28.5448578,0.325366201,0,396.3780932,27.64458726,0.449892535,39.83379622,44.33379622,1.603706208,0.90027054
6,15.4,4,443.5708338,28.57739442,0.3326283,0,399.1448014,27.68957652,0.386291402,39.9260324,44.4260324,1.60443163,0.887817906
6,15.5,4,446.4304799,28.61065725,0.374805914,0,401.9156905,27.72820566,0.573921144,40.01478938,44.51478938,1.605397404,0.882451596
6,15.6,4,449.2947003,28.64813785,0.439219618,0,404.6913807,27.78559777,0.643743105,40.10331955,44.60331955,1.605267589,0.862540073
6,15.7,4,452.1662164,28.69205981,0.475362198,0,407.4731592,27.84997208,0.560679531,40.19305719,44.69305719,1.604779246,0.842087724
6,15.8,4,455.0450427,28.73959603,0.470538126,0,410.2609598,27.90604004,0.557955265,40.28408289,44.78408289,1.604816836,0.833555991
6,15.9,4,457.9285431,28.78664984,0.424594015,0,413.0543536,27.96183556,0.65331508,40.37418948,44.87418948,1.604837042,0.824814277
6,16,4,460.8150619,28.82910924,0.337415883,0,415.8538037,28.02716707,0.694148126,40.46125821,44.96125821,1.60420274,0.801942171
6,16.1,4,463.7056531,28.86285083,0.223068442,0,418.6599912,28.09658188,0.643343311,40.54566196,45.04566196,1.603243489,0.766268946
6,16.2,4,466.6012023,28.88515767,0.137728131,0,421.4728661,28.16091621,0.530644438,40.62833618,45.12833618,1.602516617,0.72424146
6,16.3,4,469.5012596,28.89893049,0.095326032,0,424.2916109,28.21398066,0.473439751,40.70964867,45.20964867,1.60238462,0.684949829
6,16.4,4,472.4037324,28.90846309,0.095626172,0,427.1153762,28.26132463,0.485036458,40.78835618,45.28835618,1.602485261,0.647138457
6,16.5,4,475.3071369,28.91802571,0.138439351,0,429.9439338,28.30982828,0.499196752,40.86320307,45.36320307,1.602383548,0.608197428
6,16.6,4,478.2118111,28.93186964,0.213042888,0,432.7774126,28.35974795,0.496765202,40.93439842,45.43439842,1.602073421,0.572121688
6,16.7,4,481.1184987,28.95317393,0.276570734,0,435.6158713,28.40942447,0.473425946,41.00262748,45.50262748,1.601673681,0.543749457
6,16.8,4,484.0282095,28.980831,0.318246533,0,438.4591808,28.45676707,0.437326714,41.06902864,45.56902864,1.601342434,0.524063936
6,16.9,4,486.940979,29.01265566,0.337866953,0,441.3070442,28.50049974,0.419808108,41.13393477,45.63393477,1.601162618,0.512155917
6,17,4,489.853194,29.04644235,0.335344525,0,444.1591932,28.54248055,0.437162432,41.19400085,45.69400085,1.600912043,0.503961802
7,0,4,124.0380491,35.90056384,-0.268337572,0,0,24.24393017,-0.295676966,119.5380491,124.0380491,5.116251706,11.65663367
7,0.1,4,125.3194517,35.87373009,-0.339329571,0,2.422914632,24.21436247,-0.049521248,118.3965371,122.8965371,5.075357126,11.65936761
7,0.2,4,126.5973132,35.83979713,-0.405990528,0,4.844103273,24.20941035,-0.089949198,117.2532099,121.7532099,5.029168748,11.63038678
7,0.3,4,127.8740531,35.79919808,-0.46841938,0,7.264594561,24.20041543,-0.405605674,116.1094585,120.6094585,4.983776368,11.59878265
7,0.4,4,129.1494156,35.75235614,-0.523222397,0,9.682608076,24.15985486,-0.608794545,114.9668075,119.4668075,4.944847898,11.59250128
7,0.5,4,130.4210982,35.7000339,-0.557000091,0,12.09554959,24.0989754,-0.602516538,113.8255486,118.3255486,4.909982544,11.60105849
7,0.6,4,131.6884529,35.64433389,-0.566460738,0,14.50243455,24.03872375,-0.430023207,112.6860184,117.1860184,4.87488519,11.60561014
7,0.7,4,132.9530674,35.58768781,-0.551814664,0,16.90415681,23.99572143,-0.264410076,111.5489106,116.0489106,4.836233447,11.59196638
7,0.8,4,134.2183774,35.53250635,-0.513321091,0,19.3024069,23.96928042,-0.148985911,110.4159705,114.9159705,4.794302058,11.56322593
7,0.9,4,135.4877996,35.48117424,-0.458145856,0,21.69859001,23.95438183,-0.094296803,109.2892096,113.7892096,4.750246131,11.52679241
7,1,4,136.7635644,35.43535965,-0.414274055,0,24.09355671,23.94495215,-0.142588506,108.1700076,112.6700076,4.705376187,11.4904075
7,1.1,4,138.0445407,35.39393225,-0.388536963,0,26.48733898,23.9306933,-0.266607869,107.0572017,111.5572017,4.661678637,11.46323895
7,1.2,4,139.3277692,35.35507855,-0.380791672,0,28.87907527,23.90403251,-0.314582544,105.9486939,110.4486939,4.620504673,11.45104604
7,1.3,4,140.6091118,35.31699938,-0.386695689,0,31.26790561,23.87257426,-0.2788188,104.8412062,109.3412062,4.580201742,11.44442513
7,1.4,4,141.8862437,35.27832982,-0.389300485,0,33.65376894,23.84469238,-0.282837341,103.7324748,108.2324748,4.539059386,11.43363744
7,1.5,4,143.1622698,35.23939977,-0.384643469,0,36.03682399,23.81640864,-0.340196961,102.6254458,107.1254458,4.497968079,11.42299112
7,1.6,4,144.4397611,35.20093542,-0.373058991,0,38.41676387,23.78238895,-0.375628664,101.5229973,106.0229973,4.458046561,11.41854647
7,1.7,4,145.7156726,35.16362952,-0.354791062,0,40.79312463,23.74482608,-0.367092255,100.422548,104.922548,4.418754118,11.41880344
7,1.8,4,146.9867344,35.12815041,-0.334001764,0,43.16577177,23.70811686,-0.298725259,99.32096258,103.8209626,4.379131553,11.42003356
7,1.9,4,148.2535671,35.09475024,-0.326992311,0,45.53508983,23.67824433,-0.166101749,98.21847723,102.7184772,4.338095164,11.41650591
7,2,4,149.5187712,35.06205101,-0.337727665,0,47.90208376,23.66163416,-0.006723193,97.11668747,101.6166875,4.294576055,11.40041685
7,2.1,4,150.7852951,35.02827824,-0.366237572,0,50.26821356,23.66096184,0.029078602,96.01708159,100.5170816,4.248224661,11.3673164
7,2.2,4,152.054619,34.99165448,-0.412648799,0,52.63445513,23.6638697,-0.096269312,94.92016389,99.42016389,4.201348519,11.32778479
7,2.3,4,153.3265548,34.9503896,-0.469268145,0,55.00036076,23.65424277,-0.321977704,93.82619409,98.32619409,4.156810052,11.29614684
7,2.4,4,154.5995959,34.90346279,-0.504879184,0,57.36417514,23.622045,-0.405033869,92.73542079,97.23542079,4.116299872,11.28141779
7,2.5,4,155.8723956,34.85297487,-0.51162742,0,59.72435447,23.58154161,-0.284775006,91.6480411,96.1480411,4.077258506,11.27143326
7,2.6,4,157.1453218,34.80181213,-0.489500104,0,62.08108476,23.55306411,-0.026269794,90.56423705,95.06423705,4.036172815,11.24874802
7,2.7,4,158.4201797,34.75286212,-0.446533846,0,64.43625982,23.55043713,0.110161107,89.4839199,93.9839199,3.990750549,11.20242499
7,2.8,4,159.6980755,34.70820873,-0.414864651,0,66.79185434,23.56145324,0.059273106,88.40622113,92.90622113,3.943144771,11.14675549
7,2.9,4,160.9794808,34.66672227,-0.402506483,0,69.14829603,23.56738055,-0.123371944,87.33118481,91.83118481,3.896537616,11.09934172
7,3,4,162.263375,34.62647162,-0.409421248,0,71.50441722,23.55504336,-0.214530252,86.25895775,90.75895775,3.853058404,11.07142827
7,3.1,4,163.5477558,34.5855295,-0.435548786,0,73.85884891,23.53359033,-0.158291074,85.18890691,89.68890691,3.811101734,11.05193917
7,3.2,4,164.8316193,34.54197462,-0.474452614,0,76.21141649,23.51776122,-0.019365204,84.12020284,88.62020284,3.76822445,11.02421339
7,3.3,4,166.1157668,34.49452936,-0.500725896,0,78.56309578,23.5158247,-0.056837443,83.05267097,87.55267097,3.723138443,10.97870465
7,3.4,4,167.4031568,34.44445677,-0.508201051,0,80.91439407,23.51014096,-0.256131659,81.98876275,86.48876275,3.678785376,10.93431581
7,3.5,4,168.6950888,34.39363666,-0.49711037,0,83.2641275,23.48452779,-0.299710293,80.93096128,85.43096128,3.637755123,10.90910887
7,3.6,4,169.9903201,34.34392562,-0.467646705,0,85.61108173,23.45455676,-0.108149741,79.87923837,84.37923837,3.597562692,10.88936886
7,3.7,4,171.2889328,34.29716095,-0.427603427,0,87.95599666,23.44374179,0.237255459,78.83293617,83.33293617,3.554591964,10.85341916
7,3.8,4,172.5932273,34.25440061,-0.407745194,0,90.30155712,23.46746733,0.411132609,77.79167014,82.29167014,3.506627663,10.78693328
7,3.9,4,173.9065148,34.21362609,-0.415666731,0,92.65035951,23.5085806,0.332003519,76.75615528,81.25615528,3.456446677,10.7050455
7,4,4,175.2302587,34.17205942,-0.451343842,0,95.00287759,23.54178095,0.074394758,75.72738115,80.22738115,3.407872214,10.63027847
7,4.1,4,176.5636701,34.12692503,-0.514780328,0,97.35742766,23.54922042,-0.063321611,74.70624242,79.20624242,3.363433736,10.57770461
7,4.2,4,177.9052888,34.075447,-0.596138662,0,99.71203309,23.54288826,-0.006515359,73.69325574,78.19325574,3.321311084,10.53255874
7,4.3,4,179.2551142,34.01583313,-0.656199525,0,102.0662893,23.54223673,0.192432458,72.68882489,77.18882489,3.278737946,10.47359641
7,4.4,4,180.6148675,33.95021318,-0.685222259,0,104.4214752,23.56147997,0.324041783,71.69339233,76.19339233,3.233811816,10.38873321
7,4.5,4,181.9870548,33.88169096,-0.68332607,0,106.7792434,23.59388415,0.352018867,70.70781144,75.20781144,3.187597725,10.28780681
7,4.6,4,183.3729318,33.81335835,-0.650631,0,109.1403919,23.62908604,0.34139214,69.73253994,74.23253994,3.141574745,10.18427231
7,4.7,4,184.7710335,33.74829525,-0.595298566,0,111.5050075,23.66322525,0.314064482,68.76602604,73.26602604,3.096197803,10.08507
7,4.8,4,186.1798802,33.68876539,-0.549705266,0,113.8729003,23.6946317,0.292484037,67.80697991,72.30697991,3.051618646,9.994133694
7,4.9,4,187.6009957,33.63379487,-0.521886229,0,116.2438259,23.7238801,0.282269666,66.85716981,71.35716981,3.007820369,9.909914763
7,5,4,189.0367575,33.58160624,-0.511798026,0,118.6176253,23.75210707,0.274509214,65.91913228,70.41913228,2.964753067,9.829499174
7,5.1,4,190.4888903,33.53042644,-0.519344442,0,120.9942085,23.77955799,0.233296362,64.99468177,69.49468177,2.922454732,9.75086845
7,5.2,4,191.9560591,33.478492,-0.539456713,0,123.3733308,23.80288763,0.149488423,64.0827283,68.5827283,2.881277657,9.675604369
7,5.3,4,193.4353341,33.42454633,-0.552813319,0,125.754367,23.81783647,0.042236355,63.18096713,67.68096713,2.841608524,9.606709856
7,5.4,4,194.9219072,33.36926499,-0.55525707,0,128.1363618,23.8220601,-0.011877372,62.28554535,66.78554535,2.803516785,9.547204888
7,5.5,4,196.4122483,33.31373929,-0.547243678,0,130.5185084,23.82087237,0.005947584,61.39373989,65.89373989,2.766218586,9.492866919
7,5.6,4,197.903855,33.25901492,-0.531824805,0,132.9006254,23.82146713,0.088786194,60.50322958,65.00322958,2.72876684,9.437547793
7,5.7,4,199.3961186,33.20583244,-0.522343015,0,135.2832161,23.83034575,0.208466799,59.61290249,64.11290249,2.690389102,9.375486693
7,5.8,4,200.8937902,33.15359814,-0.522739709,0,137.667293,23.85119243,0.356683434,58.72649724,63.22649724,2.650873638,9.302405711
7,5.9,4,202.4031638,33.10132417,-0.534402134,0,140.0541956,23.88686077,0.497517574,57.84896818,62.34896818,2.610178407,9.214463397
7,6,4,203.9291988,33.04788395,-0.558743088,0,142.4453693,23.93661253,0.491202107,56.98382953,61.48382953,2.568610302,9.111271426
7,6.1,4,205.4703116,32.99200964,-0.589925559,0,144.8414866,23.98573274,0.302313107,56.128825,60.628825,2.527703684,9.006276907
7,6.2,4,207.0214956,32.93301709,-0.601913663,0,147.2415714,24.01596405,0.004101442,55.27992424,59.77992424,2.489174456,8.91705304
7,6.3,4,208.5763294,32.87282572,-0.58767529,0,149.6431883,24.01637419,-0.107982228,54.43314109,58.93314109,2.453873371,8.85645153
7,6.4,4,210.1339535,32.81405819,-0.547375952,0,152.0442858,24.00557597,0.039195939,53.58966768,58.08966768,2.419840613,8.808482223
7,6.5,4,211.6971127,32.7593206,-0.481743242,0,154.4450394,24.00949556,0.352788536,52.75207332,57.25207332,2.384559608,8.749825034
7,6.6,4,213.2696255,32.71114627,-0.39882853,0,156.8477529,24.04477442,0.462600838,51.92187258,56.42187258,2.346533663,8.666371856
7,6.7,4,214.8511649,32.67126342,-0.327819729,0,159.2545433,24.0910345,0.274368875,51.09662152,55.59662152,2.307772276,8.58022892
7,6.8,4,216.4388659,32.63848145,-0.275791146,0,161.6650186,24.11847139,-0.09581896,50.27384731,54.77384731,2.271033119,8.520010059
7,6.9,4,218.0286581,32.61090233,-0.242587381,0,164.0763867,24.10888949,-0.177479174,49.4522714,53.9522714,2.237858008,8.502012841
7,7,4,219.6207309,32.58664359,-0.228070767,0,166.4863882,24.09114157,0.146410182,48.63434262,53.13434262,2.205555202,8.49550202
7,7.1,4,221.2196602,32.56383652,-0.228598302,0,168.8962344,24.10578259,0.678984972,47.82342571,52.32342571,2.170575691,8.458053925
7,7.2,4,222.8322153,32.54097669,-0.230024198,0,171.3102076,24.17368109,0.630589616,47.02200769,51.52200769,2.131326524,8.367295598
7,7.3,4,224.4598659,32.51797427,-0.228791596,0,173.7307287,24.23674005,0.054177769,46.22913721,50.72913721,2.093067677,8.281234216
7,7.4,4,226.0981593,32.49509511,-0.224913624,0,176.1546736,24.24215783,-0.034382012,45.44348573,49.94348573,2.060191427,8.25293728
7,7.5,4,227.7442879,32.47260375,-0.218447751,0,178.5787174,24.23871963,0.425522547,44.66557041,49.16557041,2.028389749,8.233884119
7,7.6,4,229.4006322,32.45075897,-0.211003628,0,181.004717,24.28127188,0.6712202,43.89591519,48.39591519,1.993137568,8.169487089
7,7.7,4,231.0694632,32.42965861,-0.208776242,0,183.4362003,24.3483939,0.573599428,43.13326289,47.63326289,1.956320531,8.081264706
7,7.8,4,232.7504975,32.40878098,-0.213382501,0,185.8739077,24.40575384,0.375163999,42.37658985,46.87658985,1.920718784,8.003027139
7,7.9,4,234.4443793,32.38744273,-0.22490608,0,188.3163589,24.44327024,0.171464689,41.62802036,46.12802036,1.887146028,7.944172489
7,8,4,236.1501578,32.36495213,-0.243406792,0,190.7615432,24.46041671,0.105313501,40.88861451,45.38861451,1.855594492,7.904535412
7,8.1,4,237.8599933,32.34061145,-0.266921603,0,193.2081115,24.47094806,0.209162674,40.15188182,44.65188182,1.824689493,7.869663383
7,8.2,4,239.5692534,32.31391929,-0.287484274,0,195.6562521,24.49186433,0.469118121,39.41300128,43.91300128,1.792962785,7.822054955
7,8.3,4,241.2893098,32.28517086,-0.303055274,0,198.1077841,24.53877614,0.792930851,38.68152562,43.18152562,1.759726132,7.746394716
7,8.4,4,243.0321984,32.25486533,-0.313607629,0,200.5656264,24.61806923,0.825510406,37.96657202,42.46657202,1.725016354,7.636796103
7,8.5,4,244.792565,32.22350457,-0.319135911,0,203.0315609,24.70062027,0.550630225,37.26100416,41.76100416,1.690686457,7.5228843
7,8.6,4,246.5601817,32.19159098,-0.321169471,0,205.5043761,24.75568329,0.259877193,36.55580569,41.05580569,1.658439608,7.435907686
7,8.7,4,248.3321975,32.15947403,-0.325818766,0,207.9812438,24.78167101,0.026271023,35.85095373,40.35095373,1.628257986,7.377803019
7,8.8,4,250.1087397,32.12689215,-0.334605689,0,210.4595422,24.78429811,-0.103023524,35.14919752,39.64919752,1.599770844,7.342594041
7,8.9,4,251.8903681,32.09343158,-0.34753008,0,212.9374569,24.77399576,0.060456084,34.45291118,38.95291118,1.572330582,7.319435824
7,9,4,253.6775431,32.05867858,-0.364597447,0,215.4151588,24.78004137,0.415949277,33.76238433,38.26238433,1.544080728,7.278637208
7,9.1,4,255.4731668,32.02221883,-0.385816473,0,217.8952427,24.8216363,0.371771539,33.07792414,37.57792414,1.513918087,7.200582535
7,9.2,4,257.281339,31.98363718,-0.40637483,0,220.3792651,24.85881345,-0.058649009,32.40207385,36.90207385,1.484466422,7.124823734
7,9.3,4,259.1016827,31.9429997,-0.406989623,0,222.8648532,24.85294855,-0.230160919,31.73682941,36.23682941,1.458049508,7.090051152
7,9.4,4,260.9285684,31.90230074,-0.382833152,0,225.3489973,24.82993246,-0.080650289,31.07957111,35.57957111,1.432930644,7.072368281
7,9.5,4,262.7578482,31.86401742,-0.333892702,0,227.8315873,24.82186743,-0.005049362,30.42626089,34.92626089,1.40707628,7.042149995
7,9.6,4,264.5857906,31.83062815,-0.267213018,0,230.3137488,24.82136249,-0.062025255,29.77204186,34.27204186,1.380747808,7.009265661
7,9.7,4,266.408749,31.80390685,-0.211052118,0,232.7955749,24.81515997,-0.090290931,29.11317404,33.61317404,1.354541905,6.988746885
7,9.8,4,268.2277476,31.78280164,-0.172508866,0,235.2766395,24.80613087,-0.067587327,28.45110814,32.95110814,1.328345332,6.976670766
7,9.9,4,270.0456065,31.76555075,-0.151625369,0,237.7569146,24.79937214,-0.062488216,27.7886919,32.2886919,1.301996346,6.966178612
7,10,4,271.8657315,31.75038822,-0.148430845,0,240.2365394,24.79312332,-0.081178828,27.12919213,31.62919213,1.27572439,6.957264897
7,10.1,4,273.6901532,31.73554513,-0.159027157,0,242.7154458,24.78500544,-0.079816054,26.47470735,30.97470735,1.24973575,6.950539695
7,10.2,4,275.5154679,31.71964242,-0.167805461,0,245.1935473,24.77702383,-0.054599375,25.82192057,30.32192057,1.22379188,6.942618585
7,10.3,4,277.3380965,31.70286187,-0.170870364,0,247.6709767,24.77156389,-0.034395204,25.16711988,29.66711988,1.197628055,6.931297976
7,10.4,4,279.1603394,31.68577483,-0.168204967,0,250.1479611,24.76812437,-0.030017303,24.51237831,29.01237831,1.171359521,6.91765046
7,10.5,4,280.984938,31.66895434,-0.163024662,0,252.6246234,24.76512264,-0.056293743,23.86031457,28.36031457,1.145171578,6.903831694
7,10.6,4,282.8104209,31.65265187,-0.168580396,0,255.1008542,24.75949327,-0.105002009,23.20956667,27.70956667,1.119149183,6.893158602
7,10.7,4,284.634865,31.63579383,-0.188348478,0,257.5762785,24.74899307,-0.127536847,22.55858649,27.05858649,1.093320702,6.886800763
7,10.8,4,286.4594885,31.61695898,-0.222583467,0,260.0505402,24.73623938,-0.111649866,21.90894838,26.40894838,1.067621799,6.8807196
7,10.9,4,288.2866615,31.59470064,-0.271507534,0,262.5236059,24.7250744,-0.071795649,21.26305563,25.76305563,1.041980915,6.86962624
7,11,4,290.1184818,31.56754988,-0.33067739,0,264.9957543,24.71789483,-0.066252179,20.62272752,25.12272752,1.016378122,6.849655052
7,11.1,4,291.9544382,31.53448214,-0.381948437,0,267.4672125,24.71126961,-0.082182187,19.98722567,24.48722567,0.990933532,6.823212531
7,11.2,4,293.7932783,31.4962873,-0.420666252,0,269.9379286,24.7030514,-0.010322862,19.35534971,23.85534971,0.965684333,6.793235906
7,11.3,4,295.6349189,31.45422068,-0.446806337,0,272.4081821,24.70201911,0.114984077,18.72673683,23.22673683,0.940276854,6.752201567
7,11.4,4,297.4807703,31.40954004,-0.460450602,0,274.8789589,24.71351752,0.047220229,18.10181132,22.60181132,0.914552585,6.696022525
7,11.5,4,299.3336532,31.36349498,-0.46324837,0,277.3505468,24.71823954,-0.179898484,17.48310641,21.98310641,0.889347576,6.645255442
7,11.6,4,301.1943822,31.31717014,-0.46137688,0,279.8214713,24.70024969,-0.167477727,16.8729109,21.3729109,0.865291289,6.616920454
7,11.7,4,303.0612747,31.27103246,-0.456492146,0,282.2906588,24.68350192,0.07176914,16.27061583,20.77061583,0.841477676,6.587530538
7,11.8,4,304.934248,31.22538324,-0.448692363,0,284.7593679,24.69067883,0.08344326,15.67488016,20.17488016,0.817105123,6.53470441
7,11.9,4,306.8127757,31.18051401,-0.437977772,0,287.228853,24.69902316,-0.138643571,15.08392277,19.58392277,0.792902725,6.481490847
7,12,4,308.6952852,31.13671623,-0.426287001,0,289.6980621,24.6851588,-0.155880522,14.49722312,18.99722312,0.769580754,6.451557427
7,12.1,4,310.5857435,31.09408753,-0.421750194,0,292.1657985,24.66957075,0.057548793,13.9199449,18.4199449,0.746666616,6.424516779
7,12.2,4,312.488798,31.05191251,-0.42650174,0,294.6330434,24.67532563,0.167721793,13.35575464,17.85575464,0.723627923,6.376586881
7,12.3,4,314.4019663,31.00926234,-0.440740968,0,297.1014145,24.69209781,0.121952949,12.80055178,17.30055178,0.700651355,6.317164527
7,12.4,4,316.3208687,30.96518824,-0.464589395,0,299.5712341,24.7042931,0.05135981,12.24963466,16.74963466,0.678005017,6.260895136
7,12.5,4,318.2454596,30.9187293,-0.494852332,0,302.0419202,24.70942908,-0.010518004,11.70353941,16.20353941,0.655763407,6.209300215
7,12.6,4,320.1772885,30.86924407,-0.51904778,0,304.5128105,24.70837728,-0.063547383,11.16447798,15.66447798,0.633974373,6.160866782
7,12.7,4,322.1182254,30.81733929,-0.534048889,0,306.9833305,24.70202254,-0.107523351,10.63489487,15.13489487,0.61269861,6.115316743
7,12.8,4,324.0664858,30.7639344,-0.540043307,0,309.4529951,24.69127021,-0.142678421,10.11349067,14.61349067,0.591848477,6.072664189
7,12.9,4,326.0194271,30.70993007,-0.537391732,0,311.9214088,24.67700237,-0.158220555,9.598018351,14.09801835,0.5713019,6.0329277
7,13,4,327.9758672,30.65619089,-0.526521548,0,314.3883179,24.66118031,-0.109219576,9.087549275,13.58754927,0.550969139,5.995010583
7,13.1,4,329.9399832,30.60353874,-0.511677004,0,316.8538898,24.65025835,-0.021802246,8.58609337,13.08609337,0.530870435,5.953280385
7,13.2,4,331.9166384,30.55237104,-0.508476076,0,319.3188067,24.64807813,-0.045863136,8.097831748,12.59783175,0.511108074,5.90429291
7,13.3,4,333.9061617,30.50152343,-0.520713664,0,321.7833852,24.64349182,-0.132846344,7.622776496,12.1227765,0.491926087,5.858031616
7,13.4,4,335.9076053,30.44945207,-0.548199789,0,324.2470701,24.63020718,0.061296451,7.160535204,11.6605352,0.473424162,5.819244884
7,13.5,4,337.9237676,30.39463209,-0.590613932,0,326.7103973,24.63633683,0.456179956,6.713370323,11.21337032,0.455155748,5.75829526
7,13.6,4,339.9603536,30.33557069,-0.641334315,0,329.1763119,24.68195482,0.386297402,6.284041724,10.78404172,0.436920082,5.653615871
7,13.7,4,342.0210388,30.27143726,-0.675471246,0,331.6464389,24.72058456,-0.121663068,5.874599948,10.37459995,0.41967454,5.550852699
7,13.8,4,344.1033356,30.20389014,-0.687258539,0,334.117889,24.70841826,-0.295937134,5.485446612,9.985446612,0.404131358,5.495471881
7,13.9,4,346.1987553,30.13516428,-0.677393264,0,336.5872511,24.67882454,-0.048851622,5.111504156,9.611504156,0.389463612,5.456339741
7,14,4,348.303308,30.06742496,-0.646562134,0,339.0548893,24.67393938,0.19409709,4.748418711,9.248418711,0.37482538,5.393485577
7,14.1,4,350.4243162,30.00276874,-0.601090932,0,341.5232538,24.69334909,0.335281069,4.401062418,8.901062418,0.360463961,5.309419654
7,14.2,4,352.5700467,29.94265965,-0.564564601,0,343.9942651,24.7268772,0.422555582,4.07578165,8.57578165,0.346820247,5.215782454
7,14.3,4,354.7433366,29.88620319,-0.542585447,0,346.4690656,24.76913275,0.459710161,3.774271033,8.274271033,0.334055742,5.117070436
7,14.4,4,356.9445429,29.83194465,-0.535074451,0,348.9482774,24.81510377,0.437012362,3.496265461,7.996265461,0.322233811,5.016840875
7,14.5,4,359.1719211,29.7784372,-0.542104425,0,351.4319728,24.85880501,0.35825071,3.239948289,7.739948289,0.31135641,4.919632194
7,14.6,4,361.4230033,29.72422676,-0.556249574,0,353.9196446,24.89463008,0.253605595,3.003358716,7.503358716,0.301404708,4.82959668
7,14.7,4,363.6964592,29.6686018,-0.547524555,0,356.4103756,24.91999064,0.131923535,2.786083534,7.286083534,0.292379064,4.748611164
7,14.8,4,365.9935304,29.61384935,-0.50843623,0,358.9030343,24.93318299,0.061518679,2.590496092,7.090496092,0.2843799,4.680666355
7,14.9,4,368.3173066,29.56300572,-0.439037919,0,361.3966602,24.93933486,0.314107955,2.42064638,6.92064638,0.277499236,4.623670864
7,15,4,370.6732785,29.51910193,-0.339403118,0,363.8921642,24.97074565,0.823993103,2.281114258,6.781114258,0.271562345,4.548356276
7,15.1,4,373.0665539,29.48516162,-0.227193692,0,366.3933588,25.05314496,1.054471058,2.173195139,6.673195139,0.266361575,4.432016654
7,15.2,4,375.4993527,29.46244225,-0.17280601,0,368.9039456,25.15859207,0.915985168,2.095407058,6.595407058,0.262153265,4.303850179
7,15.3,4,377.9678102,29.44516165,-0.193736468,0,371.4243847,25.25019059,0.591402289,2.043425408,6.543425408,0.259143605,4.194971061
7,15.4,4,380.4630091,29.425788,-0.289831384,0,373.9523608,25.30933082,0.2285067,2.010648268,6.510648268,0.257243003,4.116457186
7,15.5,4,382.9770377,29.39680486,-0.460787672,0,376.4844364,25.33218149,0.23535214,1.992601229,6.492601229,0.256298544,4.064623377
7,15.6,4,385.5096041,29.3507261,-0.679282846,0,379.0188313,25.3557167,0.581242349,1.990772781,6.490772781,0.255988535,3.995009396
7,15.7,4,388.0629497,29.28279781,-0.837856021,0,381.5573092,25.41384094,0.734221913,2.005640503,6.505640503,0.255988086,3.868956877
7,15.8,4,390.6366677,29.19901221,-0.910033006,0,384.1023644,25.48726313,0.623085059,2.034303313,6.534303313,0.256375244,3.711749083
7,15.9,4,393.2292138,29.10800891,-0.896431941,0,386.6542062,25.54957163,0.495061721,2.075007604,6.575007604,0.257343164,3.558437277
7,16,4,395.8377815,29.01836571,-0.797793772,0,389.2116386,25.5990778,0.416687144,2.126142911,6.626142911,0.258843032,3.419287911
7,16.1,4,398.4578645,28.93858634,-0.635451006,0,391.7736298,25.64074652,0.411279733,2.184234608,6.684234608,0.260687988,3.297839819
7,16.2,4,401.0856207,28.87504124,-0.49229781,0,394.3397609,25.68187449,0.468212076,2.245859819,6.745859819,0.262670072,3.193166745
7,16.3,4,403.7209009,28.82581146,-0.388968528,0,396.9102894,25.7286957,0.518300809,2.310611483,6.810611483,0.264708774,3.097115756
7,16.4,4,406.3661424,28.7869146,-0.325425492,0,399.4857505,25.78052578,0.536466506,2.380391951,6.880391951,0.266883306,3.006388823
7,16.5,4,409.0229356,28.75437205,-0.301627233,0,402.0664854,25.83417243,0.506024271,2.456450204,6.956450204,0.269273197,2.920199623
7,16.6,4,411.6922116,28.72420933,-0.30818892,0,404.6524328,25.88477486,0.455496227,2.539778812,7.039778812,0.271966005,2.839434472
7,16.7,4,414.3742228,28.69339044,-0.307709671,0,407.2431877,25.93032448,0.514420598,2.631035042,7.131035042,0.275007551,2.763065958
7,16.8,4,417.066293,28.66261947,-0.290836981,0,409.8387923,25.98176654,0.650753596,2.727500762,7.227500762,0.27817588,2.680852931
7,16.9,4,419.7676099,28.63353577,-0.257613325,0,412.4402227,26.0468419,0.6179961,2.827387208,7.327387208,0.281315763,2.586693873
7,17,4,422.4822092,28.60777444,-0.207988435,0,415.0479969,26.10864151,0.415324771,2.934212337,7.434212337,0.284741446,2.499132931
7,17.1,4,425.211448,28.5869756,-0.14640651,0,417.6609376,26.15017399,0.292502094,3.050510403,7.550510403,0.288736526,2.43680161
7,17.2,4,427.9510125,28.57233495,-0.091524433,0,420.2774176,26.1794242,0.292355149,3.173594979,7.673594979,0.293115499,2.39291075
8,0,4,34.07400617,27.83770979,-0.392074275,0,0,25.41187889,2.036825838,29.57400617,34.07400617,1.340869218,2.425830898
8,0.1,4,36.71693474,27.79850236,-0.379970974,0,2.551372018,25.61556147,4.648112757,29.66556273,34.16556273,1.333781528,2.182940887
8,0.2,4,39.35063684,27.76050526,-0.347956736,0,5.136168729,26.08037275,0.463154057,29.71446811,34.21446811,1.311885702,1.680132514
8,0.3,4,42.05256816,27.72570959,-0.295162505,0,7.746521774,26.12668815,-1.618983957,29.80604638,34.30604638,1.313065253,1.599021435
8,0.4,4,44.77811125,27.69619334,-0.221725449,0,10.35109567,25.96478976,-0.336924168,29.92701558,34.42701558,1.325911587,1.73140358
8,0.5,4,47.49342256,27.67402079,-0.127782694,0,12.94589002,25.93109734,0.452051985,30.04753254,34.54753254,1.332281935,1.742923452
8,0.6,4,50.21051961,27.66124252,-0.0223853,0,15.54126002,25.97630254,0.112787281,30.16925959,34.66925959,1.334649515,1.684939984
8,0.7,4,52.93867423,27.65900399,0.058468776,0,18.13945421,25.98758127,-0.078208948,30.29922002,34.79922002,1.339071138,1.671422726
8,0.8,4,55.67218017,27.66485087,0.105796585,0,20.73782129,25.97976037,0.075536999,30.43435888,34.93435888,1.344675947,1.685090498
8,0.9,4,58.40635892,27.67543053,0.119528878,0,23.33617501,25.98731407,0.088922288,30.57018391,35.07018391,1.349511681,1.688116457
8,1,4,61.14186656,27.68738342,0.099574333,0,25.93535103,25.9962063,-0.069869742,30.70651553,35.20651553,1.354294358,1.691177116
8,1.1,4,63.87829532,27.69734085,0.056077642,0,28.53462231,25.98921933,-0.041248661,30.84367301,35.34367301,1.359935924,1.708121523
8,1.2,4,66.61344763,27.70294861,0.029759059,0,31.133338,25.98509446,0.19673124,30.98010963,35.48010963,1.365402372,1.717854153
8,1.3,4,69.34820459,27.70592452,0.030795878,0,33.7328311,26.00476758,0.373067697,31.11537349,35.61537349,1.369570921,1.701156935
8,1.4,4,72.08465863,27.70900411,0.059122715,0,36.3351732,26.04207435,0.410512832,31.24948543,35.74948543,1.37275875,1.666929753
8,1.5,4,74.82509204,27.71491638,0.114656111,0,38.9414332,26.08312564,0.271098697,31.38365884,35.88365884,1.375742284,1.631790742
8,1.6,4,77.57495287,27.72638199,0.188373128,0,41.55110126,26.11023551,0.032786535,31.52385161,36.02385161,1.379683136,1.616146483
8,1.7,4,80.33666452,27.7452193,0.244373439,0,44.16228874,26.11351416,0.045196528,31.67437578,36.17437578,1.385274137,1.631705142
8,1.8,4,83.10206561,27.76965665,0.273730973,0,46.77386614,26.11803381,0.280457357,31.82819947,36.32819947,1.390923977,1.651622834
8,1.9,4,85.86490085,27.79702974,0.276471339,0,49.38707181,26.14607955,0.277561513,31.97782904,36.47782904,1.395154825,1.650950195
8,2,4,88.62838333,27.82467688,0.252589459,0,52.00306757,26.1738357,0.0548406,32.12531576,36.62531576,1.399310219,1.650841178
8,2.1,4,91.39474186,27.84993582,0.208801859,0,54.62072534,26.17931976,0.146643116,32.27401652,36.77401652,1.404697175,1.670616064
8,2.2,4,94.16270706,27.87081601,0.172017006,0,57.23939053,26.19398407,0.526014048,32.42331652,36.92331652,1.409610559,1.676831938
8,2.3,4,96.93348299,27.88801771,0.148868146,0,59.86141901,26.24658548,0.550858132,32.57206398,37.07206398,1.412452832,1.641432234
8,2.4,4,99.70487923,27.90290452,0.139277579,0,62.48883185,26.30167129,0.212784938,32.71604738,37.21604738,1.414968918,1.601233235
8,2.5,4,102.4728382,27.91683228,0.143251987,0,65.1200629,26.32294978,0.120169781,32.85277531,37.35277531,1.419019358,1.593882499
8,2.6,4,105.2429965,27.93115748,0.16012394,0,67.75295873,26.33496676,0.310536067,32.9900378,37.4900378,1.423584018,1.59619072
8,2.7,4,108.0235946,27.94716988,0.186836132,0,70.38800809,26.36602037,0.326740197,33.1355865,37.6355865,1.42742765,1.581149507
8,2.8,4,110.8129823,27.96585349,0.222487269,0,73.02624383,26.39869439,0.160912041,33.28673851,37.78673851,1.431386642,1.567159101
8,2.9,4,113.6055903,27.98810222,0.266847777,0,75.66691782,26.41478559,0.238477811,33.43867246,37.93867246,1.436266531,1.573316624
8,3,4,116.3980108,28.01478699,0.319752904,0,78.30958877,26.43863337,0.551920214,33.58842201,38.08842201,1.440635054,1.57615362
8,3.1,4,119.1898505,28.04676228,0.375472015,0,80.95621171,26.49382539,0.645410827,33.73363874,38.23363874,1.443115072,1.552936889
8,3.2,4,121.981972,28.08430949,0.411055667,0,83.6088213,26.55836648,0.466510266,33.87315065,38.37315065,1.444861102,1.525943008
8,3.3,4,124.7755426,28.12541505,0.420819004,0,86.2669905,26.6050175,0.26545843,34.00855211,38.50855211,1.447416906,1.520397548
8,3.4,4,127.573277,28.16749695,0.404665477,0,88.92881955,26.63156335,0.140716603,34.14445747,38.64445747,1.451077316,1.535933606
8,3.5,4,130.3766452,28.2079635,0.362365342,0,91.59267946,26.64563501,0.234380851,34.28396571,38.78396571,1.455546685,1.562328493
8,3.6,4,133.1800003,28.24420003,0.301664458,0,94.25841487,26.66907309,0.49411472,34.42158548,38.92158548,1.459427755,1.575126942
8,3.7,4,135.9806991,28.27436648,0.254466516,0,96.92779275,26.71848456,0.567568135,34.55290639,39.05290639,1.461643765,1.555881916
8,3.8,4,138.7889043,28.29981313,0.22874545,0,99.60247905,26.77524138,0.440673666,34.68642523,39.18642523,1.463532099,1.524571754
8,3.9,4,141.6124095,28.32268768,0.22446678,0,102.2822066,26.81930874,0.412355865,34.83020296,39.33020296,1.466488317,1.503378932
8,4,4,144.443908,28.34513435,0.241597984,0,104.9661992,26.86054433,0.499996694,34.97770884,39.47770884,1.469728549,1.484590024
8,4.1,4,147.2760531,28.36929415,0.280116089,0,107.6547536,26.910544,0.473272374,35.12129945,39.62129945,1.472333649,1.458750153
8,4.2,4,150.1116412,28.39730576,0.332383115,0,110.3481744,26.95787124,0.33636902,35.26346685,39.76346685,1.475022508,1.439434524
8,4.3,4,152.95312,28.43054407,0.367906309,0,113.0456434,26.99150814,0.336507066,35.40747665,39.90747665,1.478519705,1.439035934
8,4.4,4,155.7960188,28.4673347,0.379120997,0,115.7464767,27.02515885,0.475919501,35.54954213,40.04954213,1.481935494,1.442175858
8,4.5,4,158.6377568,28.5052468,0.366074655,0,118.4513722,27.0727508,0.516391654,35.68638457,40.18638457,1.484384977,1.432496008
8,4.6,4,161.4850444,28.54185427,0.328794918,0,121.1612292,27.12438996,0.432221141,35.82381515,40.32381515,1.486625698,1.417464308
8,4.7,4,164.3428138,28.57473376,0.273175995,0,123.8758293,27.16761208,0.358913301,35.9669845,40.4669845,1.489530415,1.407121685
8,4.8,4,167.2037589,28.60205136,0.222744207,0,126.5943851,27.20350341,0.353916453,36.10937377,40.60937377,1.492799408,1.398547955
8,4.9,4,170.0613988,28.62432578,0.183396963,0,129.316505,27.23889505,0.508906949,36.24489383,40.74489383,1.495835046,1.38543073
8,5,4,172.9226123,28.64266548,0.155169856,0,132.0429391,27.28978575,0.755701151,36.3796732,40.8796732,1.497984395,1.352879732
8,5.1,4,175.7953249,28.65818246,0.13812415,0,134.7756961,27.36535586,0.736997533,36.51962879,41.01962879,1.498962009,1.292826602
8,5.2,4,178.6735727,28.67199488,0.132355588,0,137.5159167,27.43905561,0.466800876,36.657656,41.157656,1.499966201,1.232939264
8,5.3,4,181.5490751,28.68523044,0.138190094,0,140.2621563,27.4857357,0.355134637,36.78691886,41.28691886,1.502121657,1.199494735
8,5.4,4,184.4270088,28.69904945,0.156393497,0,143.0125055,27.52124917,0.448803071,36.9145033,41.4145033,1.504819169,1.177800281
8,5.5,4,187.3136764,28.7146888,0.186859631,0,145.7668745,27.56612947,0.526489741,37.04680196,41.54680196,1.507168498,1.148559323
8,5.6,4,190.2026862,28.73337476,0.229220891,0,148.5261199,27.61877845,0.52423761,37.17656631,41.67656631,1.508993832,1.114596312
8,5.7,4,193.0877633,28.75629685,0.283161991,0,151.2906189,27.67120221,0.407101496,37.29714439,41.79714439,1.510492536,1.08509464
8,5.8,4,195.9774916,28.78461305,0.348513937,0,154.0597746,27.71191236,0.253387193,37.41771701,41.91771701,1.512624479,1.07270069
8,5.9,4,198.8789749,28.81946444,0.419374858,0,156.8322328,27.73725108,0.410917471,37.54674208,42.04674208,1.515894346,1.082213364
8,6,4,201.7820713,28.86140193,0.472159921,0,159.6080125,27.77834282,0.796331864,37.67405887,42.17405887,1.518235236,1.083059103
8,6.1,4,204.6789272,28.90861792,0.501116019,0,162.3898284,27.85797601,0.729208393,37.78909882,42.28909882,1.518024813,1.050641909
8,6.2,4,207.5758356,28.95872952,0.506237978,0,165.1792721,27.93089685,0.241368004,37.89656356,42.39656356,1.517909138,1.027832671
8,6.3,4,210.4768581,29.00935332,0.487373073,0,167.9735686,27.95503365,0.139702558,38.00328952,42.50328952,1.520416325,1.054319669
8,6.4,4,213.3792957,29.05809063,0.448216984,0,170.7697705,27.96900391,0.487896597,38.1095252,42.6095252,1.523455227,1.08908672
8,6.5,4,216.282884,29.10291232,0.404263399,0,173.5691103,28.01779357,0.7373458,38.2137737,42.7137737,1.524523107,1.085118759
8,6.6,4,219.1886957,29.14333866,0.359413849,0,176.3745764,28.09152815,0.751062854,38.31411924,42.81411924,1.524093635,1.051810519
8,6.7,4,222.0960205,29.17928005,0.313679949,0,179.1874846,28.16663443,0.577025507,38.40853591,42.90853591,1.523381717,1.012645618
8,6.8,4,225.002802,29.21064804,0.267073587,0,182.0070331,28.22433698,0.408200762,38.49576885,42.99576885,1.523357976,0.986311063
8,6.9,4,227.9091768,29.2373554,0.219607434,0,184.8315078,28.26515706,0.292951624,38.577669,43.077669,1.524055533,0.972198345
8,7,4,230.8163535,29.25931615,0.173432842,0,187.6594883,28.29445222,0.247042534,38.65686521,43.15686521,1.525276576,0.964863926
8,7.1,4,233.7249425,29.27665943,0.137116406,0,190.4901687,28.31915647,0.333266934,38.73477374,43.23477374,1.526697088,0.957502957
8,7.2,4,236.6317085,29.29037107,0.112808394,0,193.3237507,28.35248317,0.505665644,38.80795776,43.30795776,1.527483766,0.937887904
8,7.3,4,239.535414,29.30165191,0.100512071,0,196.1615274,28.40304973,0.516763221,38.8738866,43.3738866,1.527085542,0.898602179
8,7.4,4,242.4429196,29.31170312,0.100230285,0,199.0044161,28.45472605,0.373861313,38.93850347,43.43850347,1.526583084,0.856977064
8,7.5,4,245.3581898,29.32172615,0.108413973,0,201.8517581,28.49211218,0.354258217,39.00643177,43.50643177,1.526964077,0.829613961
8,7.6,4,248.2714298,29.33256754,0.110827245,0,204.7027406,28.52753801,0.460253709,39.06868927,43.56868927,1.52725024,0.805029537
8,7.7,4,251.1753937,29.34365027,0.103891911,0,207.5577956,28.57356338,0.432224068,39.11759803,43.61759803,1.526501874,0.770086891
8,7.8,4,254.0795838,29.35403946,0.087582805,0,210.4173131,28.61678578,0.284533374,39.16227068,43.66227068,1.52575733,0.737253675
8,7.9,4,256.9922421,29.36279774,0.061886591,0,213.2804143,28.64523912,0.33170977,39.21182777,43.71182777,1.525971823,0.717558618
8,8,4,259.9053752,29.3689864,0.030589164,0,216.1465968,28.6784101,0.545131683,39.25877836,43.75877836,1.525843944,0.6905763
8,8.1,4,262.8124091,29.37204532,0.008797048,0,219.0171635,28.73292327,0.495706073,39.29524567,43.79524567,1.524218238,0.639122048
8,8.2,4,265.7213577,29.37292502,0.000262451,0,221.8929343,28.78249387,0.183962441,39.32842336,43.82842336,1.522745859,0.590431146
8,8.3,4,268.6379817,29.37295126,0.004944839,0,224.7721035,28.80089012,0.041445826,39.36587814,43.86587814,1.523073695,0.572061147
8,8.4,4,271.5539965,29.37344575,0.022828389,0,227.6523998,28.8050347,0.127715707,39.40159676,43.90159676,1.524094562,0.568411048
8,8.5,4,274.4624077,29.37572859,0.048093803,0,230.5335418,28.81780627,0.257685688,39.42886585,43.92886585,1.524365368,0.557922316
8,8.6,4,277.3682975,29.38053797,0.057314932,0,233.4166109,28.84357484,0.36750767,39.45168661,43.95168661,1.523794705,0.536963128
8,8.7,4,280.277549,29.38626946,0.044549832,0,236.3028059,28.88032561,0.3872074,39.47474312,43.97474312,1.522653994,0.505943854
8,8.8,4,283.1884256,29.39072444,0.009674764,0,239.1927745,28.91904635,0.318378942,39.49565109,43.99565109,1.52133824,0.471678097
8,8.9,4,286.0970608,29.39169192,-0.047367732,0,242.086271,28.95088424,0.239262904,39.5107898,44.0107898,1.520188103,0.440807679
8,9,4,289.0011621,29.38695515,-0.118754808,0,244.9825558,28.97481053,0.171348701,39.51860637,44.01860637,1.519202561,0.412144616
8,9.1,4,291.89992,29.37507967,-0.173501009,0,247.8808936,28.9919454,0.122153199,39.51902647,44.01902647,1.51831917,0.383134265
8,9.2,4,294.7965147,29.35772957,-0.204040406,0,250.7806989,29.00416072,0.105278847,39.5158158,44.0158158,1.517569021,0.353568844
8,9.3,4,297.6945027,29.33732553,-0.210663569,0,253.6816413,29.01468861,0.167029274,39.51286138,44.01286138,1.516916551,0.322636919
8,9.4,4,300.5946459,29.31625917,-0.19792147,0,256.5839453,29.03139153,0.280073716,39.51070057,44.01070057,1.515969378,0.284867634
8,9.5,4,303.4973439,29.29646702,-0.183228517,0,259.4884849,29.05939891,0.290314895,39.50885903,44.00885903,1.514444919,0.237068116
8,9.6,4,306.4020359,29.27814417,-0.170873788,0,262.3958763,29.0884304,0.159446898,39.50615955,44.00615955,1.512840636,0.189713775
8,9.7,4,309.3067641,29.26105679,-0.160903229,0,265.3055166,29.10437508,-0.043647559,39.50124751,44.00124751,1.511843061,0.156681706
8,9.8,4,312.2083455,29.24496647,-0.155421869,0,268.2157359,29.10001033,-0.044280341,39.49260966,43.99260966,1.511772991,0.144956139
8,9.9,4,315.1038901,29.22942428,-0.162673271,0,271.1255155,29.09558229,0.155442619,39.47837461,43.97837461,1.511513816,0.133841986
8,10,4,317.9940765,29.21315695,-0.184680243,0,274.0358509,29.11112656,0.273897146,39.45822555,43.95822555,1.51001458,0.102030397
8,10.1,4,320.8829707,29.19468893,-0.221450475,0,276.9483331,29.13851627,0.253272294,39.43463757,43.93463757,1.50778568,0.056172658
8,10.2,4,323.7734739,29.17254388,-0.264337019,0,279.8634511,29.1638435,0.142592666,39.41002282,43.91002282,1.505632233,0.008700381
8,10.3,4,326.6646453,29.14611018,-0.278632418,0,282.7805484,29.17810277,-0.012629939,39.38409695,43.88409695,1.504007896,-0.031992587
8,10.4,4,329.5547959,29.11824694,-0.255759694,0,285.6982955,29.17683977,-0.072729463,39.3565004,43.8565004,1.503127163,-0.058592835
8,10.5,4,332.4438512,29.09267097,-0.195823522,0,288.6156158,29.16956683,-0.032101601,39.32823532,43.82823532,1.502532951,-0.076895858
8,10.6,4,335.3328949,29.07308862,-0.110895892,0,291.532412,29.16635667,-0.006407998,39.30048292,43.80048292,1.501746804,-0.09326805
8,10.7,4,338.2227343,29.06199903,-0.049027101,0,294.4490156,29.16571587,-0.024306802,39.27371863,43.77371863,1.500862137,-0.10371684
8,10.8,4,341.1132086,29.05709632,-0.022168163,0,297.3654657,29.16328519,-0.05059649,39.24774292,43.74774292,1.50009653,-0.10618887
8,10.9,4,344.0032993,29.0548795,-0.030283293,0,300.2815412,29.15822554,0.055778366,39.22175811,43.72175811,1.499465667,-0.103346037
8,11,4,346.8907488,29.05185117,-0.073316234,0,303.1976427,29.16380337,0.25577571,39.19310611,43.69310611,1.49819643,-0.111952203
8,11.1,4,349.7752368,29.04451955,-0.141336838,0,306.1153019,29.18938095,0.251558513,39.15993487,43.65993487,1.495747202,-0.144861397
8,11.2,4,352.6608534,29.03038586,-0.195091313,0,309.0354978,29.2145368,0.037498351,39.1253556,43.6253556,1.493275622,-0.184150932
8,11.3,4,355.5488698,29.01087673,-0.224946516,0,311.957139,29.21828663,-0.110899722,39.09173081,43.59173081,1.491933164,-0.207409899
8,11.4,4,358.4335167,28.98838208,-0.231158519,0,314.8784131,29.20719666,-0.140763753,39.05510357,43.55510357,1.491245602,-0.218814578
8,11.5,4,361.3101406,28.96526623,-0.213953995,0,317.798429,29.19312028,-0.112568446,39.01171159,43.51171159,1.490478276,-0.227854055
8,11.6,4,364.1819542,28.94387083,-0.178463988,0,320.7171781,29.18186344,-0.053574693,38.96477609,43.46477609,1.489444846,-0.23799261
8,11.7,4,367.0531211,28.92602443,-0.144755321,0,323.6350966,29.17650597,-0.000177307,38.91802444,43.41802444,1.488115968,-0.250481539
8,11.8,4,369.922968,28.9115489,-0.11774649,0,326.5527463,29.17648824,0.041922194,38.87022169,43.37022169,1.486478473,-0.264939341
8,11.9,4,372.7904684,28.89977425,-0.097434795,0,329.4706048,29.18068046,0.085687631,38.81986362,43.31986362,1.484539186,-0.280906209
8,12,4,375.6584323,28.89003077,-0.083888535,0,332.3891013,29.18924922,0.121869207,38.76933102,43.26933102,1.48237218,-0.299218452
8,12.1,4,378.5299426,28.88164192,-0.075268344,0,335.3086355,29.20143614,0.103134981,38.72130707,43.22130707,1.480108953,-0.319794226
8,12.2,4,381.4046853,28.87411508,-0.063949467,0,338.2292948,29.21174964,0.027734567,38.67539051,43.17539051,1.478014533,-0.337634558
8,12.3,4,384.2804637,28.86772014,-0.047996597,0,341.1506084,29.2145231,-0.064214347,38.6298553,43.1298553,1.476315569,-0.346802962
8,12.4,4,387.158227,28.86292048,-0.027397287,0,344.0717397,29.20810166,-0.148090108,38.58648728,43.08648728,1.475155345,-0.345181187
8,12.5,4,390.0389217,28.86018075,-0.002151207,0,346.9918094,29.19329265,-0.165981051,38.54711226,43.04711226,1.474554884,-0.333111905
8,12.6,4,392.9201111,28.85996563,0.027025128,0,349.9103088,29.17669455,-0.11089941,38.50980238,43.00980238,1.474114976,-0.31672892
8,12.7,4,395.7993216,28.86266814,0.057273128,0,352.8274237,29.16560461,-0.012334132,38.47189793,42.97189793,1.473375865,-0.302936466
8,12.8,4,398.6754845,28.86839545,0.087872181,0,355.7439225,29.16437119,0.122372687,38.43156199,42.93156199,1.472055122,-0.29597574
8,12.9,4,401.5481347,28.87718267,0.118836913,0,358.6609715,29.17660846,0.239598132,38.38716324,42.88716324,1.469915987,-0.299425791
8,13,4,404.4175216,28.88906636,0.150225402,0,361.5798303,29.20056828,0.124763442,38.33769127,42.83769127,1.467015671,-0.311501913
8,13.1,4,407.2851272,28.9040889,0.177610757,0,364.500511,29.21304462,-0.178496011,38.28461619,42.78461619,1.464572308,-0.308955717
8,13.2,4,410.1512958,28.92184998,0.182859192,0,367.420923,29.19519502,-0.281448493,38.23037284,42.73037284,1.463609776,-0.27334504
8,13.3,4,413.017815,28.9401359,0.161228736,0,370.3390352,29.16705017,-0.145920284,38.17877982,42.67877982,1.463253211,-0.226914272
8,13.4,4,415.8878173,28.95625877,0.112459391,0,373.2550106,29.15245814,-0.00766079,38.13280667,42.63280667,1.46240864,-0.19619937
8,13.5,4,418.7608558,28.96750471,0.04531911,0,376.1702181,29.15169206,0.059877579,38.09063762,42.59063762,1.461000532,-0.184187352
8,13.6,4,421.63597,28.97203662,-0.004411896,0,379.0856867,29.15767982,0.002880941,38.05028324,42.55028324,1.459316499,-0.185643199
8,13.7,4,424.5153264,28.97159543,-0.027672751,0,382.0014691,29.15796791,-0.143594611,38.01385727,42.51385727,1.458052818,-0.186372482
8,13.8,4,427.3999521,28.96882816,-0.024416315,0,384.9165479,29.14360845,-0.187563551,37.9834042,42.4834042,1.457726289,-0.174780296
8,13.9,4,430.2865512,28.96638653,0.005340232,0,387.829971,29.1248521,-0.107504643,37.95658028,42.45658028,1.457744065,-0.158465573
8,14,4,433.1715709,28.96692055,0.053121529,0,390.7419187,29.11410163,-0.007128051,37.92965228,42.42965228,1.457357428,-0.147181085
8,14.1,4,436.051325,28.9722327,0.08517559,0,393.6532932,29.11338883,0.053574123,37.8980318,42.3980318,1.456306995,-0.141156127
8,14.2,4,438.9252647,28.98075026,0.093058923,0,396.5648999,29.11874624,-0.055816294,37.86036476,42.36036476,1.45474549,-0.13799598
8,14.3,4,441.8012013,28.99005615,0.076769569,0,399.4764955,29.11316461,-0.267583381,37.82470581,42.32470581,1.453799557,-0.123108459
8,14.4,4,444.6844247,28.99773311,0.036320484,0,402.386474,29.08640627,-0.172359716,37.79795064,42.29795064,1.454217143,-0.088673164
8,14.5,4,447.567526,29.00136516,-0.021011617,0,405.2942528,29.0691703,0.188699596,37.77327313,42.27327313,1.454230468,-0.067805144
8,14.6,4,450.4458818,28.999264,-0.066219157,0,408.2021134,29.08804026,0.243475697,37.74376839,42.24376839,1.452272756,-0.088776265
8,14.7,4,453.3280624,28.99264208,-0.092077073,0,411.1121348,29.11238783,-0.041045599,37.7159276,42.2159276,1.450101855,-0.119745751
8,14.8,4,456.2201543,28.98343437,-0.098626444,0,414.0231683,29.10828327,-0.226603622,37.69698596,42.19698596,1.449655604,-0.124848898
8,14.9,4,459.1166297,28.97357173,-0.085900634,0,416.9328636,29.08562291,-0.20375107,37.68376605,42.18376605,1.450330501,-0.11205118
8,15,4,462.010893,28.96498167,-0.05648756,0,419.8404072,29.0652478,-0.043038254,37.67048578,42.17048578,1.450890289,-0.100266137
8,15.1,4,464.900212,28.95933291,-0.0207053,0,422.7467168,29.06094398,-0.026913476,37.6534952,42.1534952,1.450520507,-0.101611067
8,15.2,4,467.7903564,28.95726238,0.018887892,0,425.6526766,29.05825263,-0.140076104,37.63767978,42.13767978,1.450110587,-0.100990249
8,15.3,4,470.6848698,28.95915117,0.062428243,0,428.5578015,29.04424502,-0.038336886,37.62706834,42.12706834,1.4504446,-0.08509385
8,15.4,4,473.5757536,28.96539399,0.105829208,0,431.4620343,29.04041133,0.258590719,37.61371927,42.11371927,1.450176404,-0.075017337
8,15.5,4,476.4575089,28.97597691,0.131301124,0,434.3673684,29.0662704,0.330245461,37.59014048,42.09014048,1.448075033,-0.090293488
8,15.6,4,479.33826,28.98910703,0.133713606,0,437.2756466,29.09929495,0.137884874,37.56261337,42.06261337,1.445485653,-0.110187922
8,15.7,4,482.2251371,29.00247839,0.112162449,0,440.1862656,29.11308344,-0.050514129,37.53887157,42.03887157,1.443985542,-0.110605049
8,15.8,4,485.1159992,29.01369463,0.072277531,0,443.0973213,29.10803202,-0.16743934,37.51867788,42.01867788,1.443542382,-0.094337391
8,15.9,4,488.0065238,29.02092238,0.039240411,0,446.0072873,29.09128809,-0.204952984,37.49923641,41.99923641,1.443704943,-0.070365704
8,16,4,490.893289,29.02484643,0.019757544,0,448.9153914,29.07079279,-0.134570916,37.4778976,41.9778976,1.443988745,-0.045946364
8,16.1,4,493.7828661,29.02682218,0.014043013,0,451.8217978,29.0573357,-0.002348601,37.46106825,41.96106825,1.444078311,-0.030513518
8,16.2,4,496.6817103,29.02822648,0.022114425,0,454.7275196,29.05710084,-0.01432702,37.45419066,41.95419066,1.443853291,-0.028874357
8,16.3,4,499.5823838,29.03043792,0.04057631,0,457.6331581,29.05566814,-0.154634842,37.44922569,41.94922569,1.443753608,-0.025230212
8,16.4,4,502.4758965,29.03449555,0.056133874,0,460.5379517,29.04020465,-0.153599523,37.43794478,41.93794478,1.444133927,-0.005709097
8,16.5,4,505.3660462,29.04010894,0.065455349,0,463.4412042,29.0248447,-0.001616058,37.42484203,41.92484203,1.44444673,0.015264242
8,16.6,4,508.259414,29.04665448,0.068522955,0,466.3436806,29.02468309,0.070520302,37.41573346,41.91573346,1.444140951,0.021971383
8,16.7,4,511.1555032,29.05350677,0.065326737,0,469.2465015,29.03173512,0.005029202,37.40900166,41.90900166,1.443558281,0.021771649
8,16.8,4,514.0508711,29.06003945,0.055867309,0,472.1497002,29.03223804,-0.124653252,37.40117099,41.90117099,1.443263551,0.027801402
8,16.9,4,516.9418833,29.06562618,0.04145082,0,475.0523007,29.01977272,-0.023910795,37.38958264,41.88958264,1.443484173,0.045853458
8,17,4,519.8290525,29.06977126,0.027269492,0,477.9541584,29.01738164,0.243015414,37.37489412,41.87489412,1.443096922,0.05238962
8,17.1,4,522.7167385,29.07249821,0.014624335,0,480.8571117,29.04168318,0.12273138,37.35962686,41.85962686,1.441363663,0.030815027
8,17.2,4,525.6116514,29.07396064,0.003512022,0,483.7618936,29.05395632,-0.313428008,37.3497578,41.8497578,1.440415114,0.020004323
8,17.3,4,528.5150264,29.07431184,-0.006055966,0,486.6657221,29.02261352,-0.222494841,37.34930431,41.84930431,1.441955056,0.051698326
8,17.4,4,531.4179014,29.07370625,-0.010085588,0,489.566871,29.00036403,0.349559374,37.35103045,41.85103045,1.443120866,0.073342213
8,17.5,4,534.3162323,29.07269769,0.007222237,0,492.4686552,29.03531997,0.375472453,37.34757709,41.84757709,1.44126454,0.037377717
8,17.6,4,537.2164285,29.07341991,0.049721652,0,495.3740646,29.07286722,-0.174005284,37.34236396,41.84236396,1.439223853,0.000552696
8,17.7,4,540.1209486,29.07839208,0.117302319,0,498.2804813,29.05546669,-0.388887469,37.34046735,41.84046735,1.440020489,0.022925389
8,17.8,4,543.0268885,29.09012231,0.209933418,0,501.1840835,29.01657794,-0.155884991,37.34280504,41.84280504,1.442031005,0.073544368
8,17.9,4,545.9336854,29.11111565,0.313151926,0,504.0849619,29.00098944,0.06854139,37.34872356,41.84872356,1.443010199,0.110126209
8,18,4,548.8410873,29.14243084,0.368716899,0,506.9854035,29.00784358,0.151574239,37.35568382,41.85568382,1.442909181,0.134587263
8,18.1,4,551.7497944,29.17930253,0.3618677,0,509.8869457,29.02300101,0.018347869,37.36284866,41.86284866,1.442402481,0.156301529
8,18.2,4,554.6639064,29.2154893,0.292303292,0,512.7893376,29.02483579,-0.247678607,37.37456885,41.87456885,1.442715099,0.190653512
8,18.3,4,557.5850603,29.24471963,0.177624134,0,515.6905828,29.00006793,-0.237572484,37.39447755,41.89447755,1.444633773,0.244651702
